date,city,temp_c,rain_mm,holiday,festival,weekend,local_event
2026-08-16,Chennai,31.5,0.2,0,0,1,0
2026-08-03,Coimbatore,35.1,0.0,0,0,0,0
2026-08-04,Salem,33.2,13.9,0,0,0,0
2026-08-21,Tiruppur,25.6,10.1,0,0,0,0
2026-08-11,Salem,26.7,0.0,0,0,0,0
2026-08-25,Chennai,27.4,17.5,0,0,0,1
2026-08-03,Bengaluru,31.3,9.9,1,0,0,1
2026-08-17,Tiruppur,33.5,2.1,0,0,0,0
2026-08-16,Tiruppur,32.2,0.0,0,0,1,0
2026-08-08,Salem,25.8,17.7,0,0,1,0
2026-08-03,Chennai,30.4,0.0,0,0,0,0
2026-08-20,Coimbatore,33.5,0.0,0,0,0,0
2026-08-15,Madurai,29.8,10.1,0,0,1,0
2026-08-05,Chennai,26.2,18.6,1,0,0,0
2026-08-10,Coimbatore,28.8,12.3,0,0,0,0
2026-08-11,Salem,33.1,7.4,0,0,0,0
2026-08-18,Bengaluru,31.9,7.6,0,0,0,0
2026-08-13,Coimbatore,27.8,9.1,1,0,0,0
2026-08-09,Coimbatore,30.1,8.6,0,1,1,0
2026-08-22,Erode,34.5,5.7,1,0,1,0
2026-08-08,Tiruppur,30.6,0.0,0,0,1,0
2026-08-20,Chennai,27.1,3.6,0,0,0,0
2026-08-01,Coimbatore,27.7,0.0,0,0,1,0
2026-08-06,Coimbatore,28.8,2.3,0,0,0,0
2026-08-17,Trichy,33.9,0.0,0,0,0,0
2026-08-01,Trichy,27.5,3.4,0,0,1,1
2026-08-24,Tiruppur,30.7,0.0,0,0,0,0
2026-08-14,Salem,31.3,0.0,0,0,0,0
2026-08-15,Madurai,27.3,5.1,0,0,1,0
2026-08-05,Trichy,32.6,12.4,0,0,0,0
2026-08-05,Trichy,32.6,12.4,0,0,0,0
2026-08-18,Chennai,27.0,0.0,0,0,0,1
2026-08-11,Tiruppur,35.6,0.0,0,0,0,0
2026-08-21,Trichy,26.7,9.6,0,0,0,1
2026-08-20,Trichy,31.7,0.0,0,0,0,0
2026-08-01,Erode,25.9,2.7,0,0,1,0
2026-08-16,Erode,27.0,7.3,0,0,1,1
2026-08-08,Coimbatore,29.5,0.0,0,0,1,0
2026-08-08,Salem,33.3,4.6,1,0,1,0
2026-08-20,Bengaluru,32.6,0.0,0,0,0,0
2026-08-25,Coimbatore,31.7,0.4,0,0,0,0
2026-08-24,Coimbatore,30.7,5.9,0,0,0,1
2026-08-08,Tiruppur,35.8,0.0,1,0,1,0
2026-08-02,Salem,28.2,6.6,0,0,1,0
2026-08-15,Madurai,29.6,3.9,0,1,1,0
2026-08-05,Bengaluru,34.1,7.3,0,0,0,1
2026-08-25,Madurai,29.3,5.3,0,1,0,0
2026-08-23,Salem,34.7,12.2,0,0,1,0
2026-08-23,Madurai,32.9,4.8,0,1,1,0
2026-08-12,Chennai,30.8,1.4,0,0,0,0
2026-08-06,Tiruppur,31.1,4.7,1,0,0,0
2026-08-22,Madurai,26.8,7.3,0,0,1,1
2026-08-10,Trichy,33.0,4.3,0,0,0,0
2026-08-05,Salem,25.0,4.2,0,1,0,0
2026-08-16,Coimbatore,31.7,0.0,0,0,1,0
2026-08-15,Tiruppur,29.9,0.0,0,1,1,0
2026-08-09,Salem,25.5,0.0,0,0,1,1
2026-08-02,Trichy,28.6,14.5,0,1,1,0
2026-08-06,Trichy,31.7,0.0,0,0,0,0
2026-08-06,Bengaluru,33.2,0.0,0,1,0,0
2026-08-11,Erode,34.9,0.0,0,0,0,0
2026-08-03,Trichy,30.2,9.4,0,0,0,0
2026-08-14,Salem,32.7,2.2,0,1,0,0
2026-08-21,Chennai,30.3,11.5,0,0,0,0
2026-08-10,Tiruppur,31.7,0.0,0,0,0,0
2026-08-12,Madurai,31.8,5.7,0,0,0,0
2026-08-06,Salem,32.8,0.0,0,1,0,1
2026-08-21,Chennai,33.1,16.9,0,0,0,0
2026-08-02,Erode,28.8,0.0,0,0,1,0
2026-08-23,Trichy,27.8,5.9,1,0,1,0
2026-08-25,Coimbatore,26.3,7.8,0,0,0,0
2026-08-01,Madurai,27.1,6.5,0,0,1,0
2026-08-16,Coimbatore,32.1,2.9,0,0,1,0
2026-08-18,Erode,30.1,3.2,0,0,0,1
2026-08-17,Trichy,31.2,4.3,0,0,0,1
2026-08-19,Erode,33.8,3.1,0,0,0,0
2026-08-09,Coimbatore,28.7,9.8,0,0,1,1
2026-08-20,Tiruppur,27.1,17.3,0,0,0,0
2026-08-11,Coimbatore,28.0,0.7,0,0,0,0
2026-08-10,Salem,30.8,0.0,0,0,0,1
2026-08-07,Chennai,29.9,3.5,1,0,0,0
2026-08-07,Erode,35.2,19.5,0,0,0,0
2026-08-05,Chennai,34.0,0.0,0,0,0,1
2026-08-24,Coimbatore,30.1,13.8,0,0,0,1
2026-08-02,Chennai,28.7,14.1,0,1,1,0
2026-08-24,Trichy,25.2,0.7,0,0,0,0
2026-08-07,Salem,28.2,7.4,0,0,0,0
2026-08-09,Madurai,26.7,13.8,0,0,1,0
2026-08-04,Salem,31.0,1.7,0,0,0,0
2026-08-10,Salem,26.9,2.8,0,0,0,0
2026-08-02,Madurai,25.3,0.5,0,1,1,0
2026-08-03,Tiruppur,29.3,0.0,0,0,0,0
2026-08-23,Bengaluru,31.8,0.1,0,0,1,0
2026-08-22,Chennai,35.7,0.0,0,0,1,1
2026-08-23,Bengaluru,26.1,4.2,0,0,1,0
2026-08-16,Salem,35.4,0.0,0,0,1,0
2026-08-12,Tiruppur,27.0,5.4,0,0,0,0
2026-08-11,Bengaluru,30.4,0.0,1,1,0,0
2026-08-06,Trichy,33.4,6.0,0,0,0,1
2026-08-23,Chennai,28.6,9.0,0,0,1,0
2026-08-13,Tiruppur,27.6,0.0,0,0,0,0
2026-08-03,Erode,27.3,6.2,0,0,0,0
2026-08-19,Erode,31.0,11.4,0,0,0,1
2026-08-23,Bengaluru,26.3,0.0,0,0,1,1
2026-08-15,Madurai,28.4,14.0,0,0,1,0
2026-08-20,Tiruppur,28.6,6.5,0,1,0,0
2026-08-05,Coimbatore,33.3,0.0,0,0,0,0
2026-08-20,Bengaluru,27.2,3.7,0,0,0,0
2026-08-22,Trichy,35.1,7.3,0,0,1,0
2026-08-03,Coimbatore,31.7,4.5,0,0,0,0
2026-08-02,Erode,34.9,7.2,0,1,1,0
2026-08-12,Chennai,34.5,0.0,0,0,0,0
2026-08-13,Erode,32.8,5.0,0,0,0,0
2026-08-06,Bengaluru,26.5,0.0,0,0,0,0
2026-08-14,Madurai,28.2,3.3,0,0,0,1
2026-08-21,Coimbatore,26.6,0.0,0,0,0,0
2026-08-05,Chennai,26.5,0.0,0,0,0,0
2026-08-23,Tiruppur,31.9,11.4,0,0,1,0
2026-08-13,Erode,27.5,10.5,0,1,0,0
2026-08-24,Salem,32.8,7.7,0,0,0,0
2026-08-02,Coimbatore,31.2,0.0,0,1,1,0
2026-08-23,Chennai,26.6,2.1,0,0,1,0
2026-08-25,Trichy,30.1,11.3,1,0,0,1
2026-08-16,Chennai,32.5,4.9,0,0,1,0
2026-08-11,Coimbatore,30.2,17.9,0,0,0,0
2026-08-14,Erode,35.6,6.4,0,0,0,1
2026-08-20,Trichy,33.0,5.2,0,1,0,0
2026-08-06,Coimbatore,32.2,2.1,0,0,0,1
2026-08-16,Chennai,26.4,4.8,1,0,1,0
2026-08-20,Trichy,28.0,3.1,0,0,0,0
2026-08-19,Madurai,32.3,8.2,0,0,0,0
2026-08-08,Bengaluru,27.0,9.7,0,1,1,0
2026-08-05,Madurai,34.2,0.0,0,0,0,0
2026-08-22,Bengaluru,33.0,0.0,0,0,1,0
2026-08-02,Trichy,33.3,0.0,0,0,1,0
2026-08-10,Bengaluru,33.2,7.0,0,0,0,0
2026-08-23,Tiruppur,30.2,0.0,0,0,1,1
2026-08-15,Tiruppur,32.5,0.0,0,0,1,1
2026-08-18,Erode,35.5,6.3,0,0,0,0
2026-08-11,Trichy,27.9,19.0,0,0,0,0
2026-08-25,Salem,33.1,4.0,0,0,0,0
2026-08-23,Madurai,28.4,9.0,1,1,1,1
2026-08-14,Chennai,30.8,4.5,0,0,0,0
2026-08-09,Salem,25.4,3.4,0,1,1,0
2026-08-07,Chennai,32.8,9.5,0,0,0,1
2026-08-22,Madurai,34.9,2.3,0,0,1,0
2026-08-03,Bengaluru,35.1,5.6,0,0,0,0
2026-08-25,Erode,27.8,5.9,0,0,0,1
2026-08-13,Erode,36.0,0.0,0,0,0,1
2026-08-03,Bengaluru,35.8,10.0,0,0,0,0
2026-08-04,Madurai,30.9,3.0,0,0,0,1
2026-08-15,Trichy,26.1,0.0,1,0,1,0
2026-08-15,Coimbatore,34.9,7.2,0,0,1,0
2026-08-22,Tiruppur,27.9,0.0,0,0,1,0
2026-08-17,Bengaluru,30.3,4.2,0,0,0,0
2026-08-03,Salem,25.0,3.9,0,0,0,0
2026-08-19,Erode,28.7,10.5,0,1,0,0
2026-08-21,Chennai,29.0,6.8,0,0,0,0
2026-08-25,Trichy,32.1,3.8,0,1,0,0
2026-08-07,Trichy,32.7,8.9,0,0,0,0
2026-08-03,Bengaluru,33.1,12.3,0,0,0,0
2026-08-19,Salem,30.4,7.3,1,0,0,0
2026-08-18,Bengaluru,35.6,4.1,1,0,0,0
2026-08-24,Coimbatore,29.5,0.0,0,0,0,0
2026-08-22,Madurai,33.2,0.0,0,1,1,0
2026-08-16,Coimbatore,30.2,2.2,0,1,1,0
2026-08-05,Coimbatore,26.9,0.3,1,0,0,0
2026-08-15,Madurai,34.2,2.9,1,0,1,1
2026-08-20,Salem,25.7,4.3,0,0,0,0
2026-08-24,Tiruppur,28.6,7.2,0,0,0,1
2026-08-07,Coimbatore,31.5,3.6,0,0,0,1
2026-08-14,Madurai,32.7,6.9,0,0,0,0
2026-08-02,Madurai,26.1,4.4,0,0,1,0
2026-08-01,Bengaluru,25.9,0.0,1,0,1,0
2026-08-19,Trichy,29.6,0.0,0,0,0,0
2026-08-07,Madurai,32.0,3.1,0,0,0,0
2026-08-20,Coimbatore,31.6,0.0,0,0,0,1
2026-08-10,Erode,29.6,7.6,0,0,0,0
2026-08-04,Erode,34.5,13.2,0,0,0,0
2026-08-21,Salem,28.0,11.3,0,0,0,0
2026-08-16,Bengaluru,26.9,2.7,0,1,1,0
2026-08-10,Salem,29.8,12.9,0,0,0,0
2026-08-02,Chennai,33.1,4.9,0,0,1,0
2026-08-16,Chennai,25.8,2.0,0,0,1,0
2026-08-14,Salem,33.2,0.3,0,0,0,1
2026-08-08,Chennai,27.6,2.2,0,0,1,0
2026-08-03,Bengaluru,31.4,1.7,1,0,0,0
2026-08-20,Bengaluru,27.0,5.0,0,0,0,0
2026-08-12,Trichy,27.2,5.0,0,0,0,1
2026-08-05,Chennai,34.4,4.0,0,0,0,0
2026-08-10,Madurai,33.7,6.6,0,0,0,1
2026-08-18,Salem,26.0,11.1,0,0,0,0
2026-08-19,Bengaluru,34.2,9.7,0,0,0,0
2026-08-08,Salem,28.6,0.0,0,0,1,0
2026-08-05,Coimbatore,29.6,0.0,1,0,0,0
2026-08-17,Coimbatore,29.7,9.6,0,0,0,0
2026-08-04,Bengaluru,30.4,0.0,0,0,0,0
2026-08-14,Salem,26.5,2.7,0,0,0,1
2026-08-16,Trichy,26.8,0.0,0,0,1,0
2026-08-15,Bengaluru,33.5,0.0,0,0,1,0
2026-08-12,Bengaluru,32.7,7.2,1,0,0,0
2026-08-23,Erode,30.8,8.6,0,0,1,0
2026-08-20,Salem,33.7,0.5,0,0,0,0
2026-08-02,Erode,34.8,0.0,0,0,1,0
2026-08-12,Erode,26.9,0.7,0,1,0,0
2026-08-07,Madurai,35.8,6.4,0,1,0,0
2026-08-25,Salem,33.3,0.0,0,0,0,0
2026-08-17,Tiruppur,28.0,5.1,1,0,0,0
2026-08-17,Chennai,30.2,3.9,0,0,0,0
2026-08-15,Erode,33.8,7.5,0,0,1,0
2026-08-03,Salem,34.8,4.7,0,1,0,0
2026-08-10,Chennai,26.2,0.0,0,0,0,0
2026-08-07,Coimbatore,28.2,11.2,0,0,0,1
2026-08-12,Tiruppur,29.9,3.0,0,0,0,1
2026-08-08,Erode,29.5,3.8,0,0,1,0
2026-08-19,Bengaluru,30.0,0.0,0,0,0,0
2026-08-09,Salem,30.3,1.3,0,0,1,1
2026-08-12,Trichy,30.0,0.0,0,0,0,0
2026-08-10,Madurai,35.7,3.0,0,0,0,0
2026-08-05,Madurai,27.6,14.3,1,0,0,1
2026-08-09,Erode,27.0,0.0,0,1,1,0
2026-08-12,Madurai,29.1,0.0,0,0,0,0
2026-08-01,Tiruppur,35.2,12.8,0,0,1,0
2026-08-05,Coimbatore,35.7,2.7,0,0,0,0
2026-08-10,Bengaluru,34.9,0.0,0,0,0,0
2026-08-22,Madurai,33.8,10.2,0,0,1,0
2026-08-04,Bengaluru,34.9,0.4,0,0,0,0
2026-08-13,Salem,29.9,15.0,0,1,0,0
2026-08-19,Salem,33.6,8.1,0,0,0,1
2026-08-15,Chennai,35.7,1.1,0,0,1,0
2026-08-17,Coimbatore,35.0,16.9,0,0,0,0
2026-08-12,Tiruppur,29.1,0.4,0,0,0,0
2026-08-18,Chennai,27.4,8.5,0,0,0,0
2026-08-15,Trichy,26.8,5.8,0,0,1,0
2026-08-14,Madurai,34.2,11.8,0,0,0,0
2026-08-17,Erode,25.7,13.4,0,0,0,1
2026-08-14,Trichy,29.6,4.2,0,0,0,0
2026-08-05,Salem,27.0,0.0,0,0,0,1
2026-08-10,Trichy,30.4,6.8,0,0,0,0
2026-08-05,Trichy,28.3,0.0,0,0,0,1
2026-08-22,Trichy,29.6,16.1,0,0,1,0
2026-08-04,Trichy,30.4,4.8,0,0,0,0
2026-08-16,Tiruppur,34.6,1.8,0,0,1,0
2026-08-04,Erode,30.6,5.1,0,0,0,1
2026-08-02,Madurai,28.5,0.0,0,0,1,1
2026-08-09,Erode,29.6,0.0,0,0,1,0
2026-08-17,Chennai,30.7,11.2,0,0,0,1
2026-08-25,Madurai,31.0,0.1,0,0,0,0
2026-08-10,Trichy,32.5,0.0,0,1,0,0
2026-08-05,Coimbatore,26.5,7.2,0,0,0,0
