date,store,product,opening,received,sold,closing,reorder_lvl,lead_days,inventory_mismatch_flag
2026-08-03,S004,P004,69,169.0,7,231,102,1,False
2026-08-22,S005,P003,170,114.0,4,280,185,4,False
2026-08-15,S012,P024,306,43.0,9,340,86,7,False
2026-08-07,S003,P029,270,153.0,6,417,66,7,False
2026-08-12,S014,P011,358,46.0,5,399,189,6,False
2026-08-03,S008,P018,321,67.0,3,385,72,6,False
2026-08-25,S001,P028,411,87.0,5,493,146,5,False
2026-08-17,S020,P017,362,17.0,7,372,88,4,False
2026-08-08,S016,P013,257,33.0,7,283,57,1,False
2026-08-13,S019,P014,163,133.0,7,289,159,6,False
2026-08-16,S003,P001,274,38.0,2,310,185,1,False
2026-08-02,S013,P017,150,121.0,12,259,187,5,False
2026-08-03,S017,P030,120,23.0,0,143,153,6,False
2026-08-19,S003,P010,126,154.0,4,276,168,7,False
2026-08-08,S003,P030,60,173.0,9,224,196,4,False
2026-08-10,S006,P004,327,107.0,7,427,124,7,False
2026-08-17,S017,P026,82,178.0,1,259,165,4,False
2026-08-05,S009,P024,177,123.0,7,293,127,3,False
2026-08-14,S009,P017,361,178.0,3,536,177,1,False
2026-08-12,S002,P016,277,34.0,11,300,152,7,True
2026-08-09,S004,P029,179,21.0,4,196,102,5,False
2026-08-01,S002,P028,338,104.0,4,438,95,2,False
2026-08-13,S005,P006,62,1.0,8,55,177,5,False
2026-08-23,S014,P008,120,133.0,6,247,31,4,False
2026-08-09,S003,P019,395,52.0,3,444,110,4,False
2026-08-17,S002,P013,245,27.0,8,264,69,4,False
2026-08-03,S018,P015,393,149.0,11,531,94,3,False
2026-08-20,S008,P015,334,108.0,3,439,174,3,False
2026-08-25,S007,P024,373,70.0,2,441,131,7,False
2026-08-01,S014,P001,164,0.0,8,156,171,7,True
2026-08-24,S010,P004,345,123.0,7,461,75,3,False
2026-08-23,S009,P003,346,142.0,14,474,153,3,False
2026-08-19,S004,P017,217,147.0,14,350,118,7,False
2026-08-02,S014,P022,421,101.0,4,518,65,7,False
2026-08-11,S013,P023,397,30.0,2,425,88,4,False
2026-08-09,S008,P003,418,41.0,6,453,55,2,False
2026-08-05,S004,P006,320,102.0,7,415,116,7,False
2026-08-18,S012,P025,341,157.0,10,488,43,2,False
2026-08-06,S010,P027,259,162.0,6,415,31,7,False
2026-08-11,S005,P003,106,37.0,2,141,150,5,False
2026-08-17,S002,P022,282,22.0,6,298,46,3,False
2026-08-15,S018,P024,173,94.0,9,258,50,5,False
2026-08-05,S004,P001,79,98.0,9,168,132,5,False
2026-08-13,S012,P022,395,133.0,11,517,103,6,False
2026-08-19,S009,P030,365,14.0,8,371,74,6,False
2026-08-21,S015,P026,313,112.0,6,419,32,2,False
2026-08-02,S006,P030,396,132.0,5,523,103,2,False
2026-08-22,S014,P006,77,153.0,4,226,160,5,False
2026-08-05,S002,P020,417,59.0,4,472,187,2,False
2026-08-16,S014,P029,405,9.0,5,409,122,2,False
2026-08-05,S014,P007,395,0.0,5,390,70,1,False
2026-08-21,S018,P026,201,102.0,7,296,120,6,False
2026-08-16,S012,P030,262,103.0,5,360,180,2,False
2026-08-01,S011,P020,325,3.0,11,317,47,1,False
2026-08-12,S019,P008,341,72.0,2,411,173,5,False
2026-08-08,S009,P018,238,88.0,1,325,100,2,False
2026-08-13,S012,P030,370,49.0,4,415,146,4,False
2026-08-08,S019,P011,354,1.0,7,348,96,2,False
2026-08-23,S012,P019,268,129.0,5,392,57,5,False
2026-08-10,S006,P016,97,128.0,5,220,105,3,False
2026-08-17,S016,P001,119,131.0,4,246,95,5,False
2026-08-05,S011,P023,354,64.0,11,407,143,4,False
2026-08-19,S005,P025,348,123.0,5,466,92,7,False
2026-08-23,S013,P019,233,117.0,6,344,147,5,False
2026-08-14,S016,P021,74,123.0,5,192,59,3,False
2026-08-06,S013,P010,94,97.0,7,184,192,7,False
2026-08-24,S001,P023,172,173.0,6,339,88,7,False
2026-08-06,S020,P011,221,105.0,7,319,120,5,False
2026-08-21,S019,P004,334,2.0,6,330,97,2,False
2026-08-03,S008,P012,207,23.0,7,223,117,1,True
2026-08-03,S011,P015,343,45.0,8,380,151,3,False
2026-08-09,S004,P024,241,55.0,11,285,176,3,False
2026-08-14,S016,P029,153,174.0,2,325,78,4,False
2026-08-16,S019,P021,437,51.0,4,484,90,6,False
2026-08-02,S010,P001,183,67.0,7,243,82,2,False
2026-08-24,S003,P018,163,63.0,7,219,188,3,False
2026-08-20,S016,P023,139,27.0,6,160,60,1,False
2026-08-02,S004,P011,406,169.0,9,566,156,5,False
2026-08-08,S004,P002,63,138.0,5,196,40,7,False
2026-08-06,S010,P003,312,147.0,3,456,100,4,False
2026-08-13,S016,P016,153,130.0,5,278,101,4,False
2026-08-18,S013,P006,173,147.0,9,311,62,1,False
2026-08-15,S002,P009,329,108.0,8,429,152,5,False
2026-08-02,S005,P025,76,128.0,6,198,118,4,False
2026-08-18,S014,P025,411,44.0,9,446,147,1,False
2026-08-13,S017,P014,417,132.0,4,545,147,3,False
2026-08-08,S016,P010,412,2.0,11,403,33,6,False
2026-08-06,S007,P026,167,97.0,6,258,178,1,False
2026-08-07,S005,P027,226,92.0,10,308,186,7,False
2026-08-03,S003,P013,192,47.0,6,233,170,3,False
2026-08-09,S017,P015,181,68.0,9,240,150,5,False
2026-08-19,S017,P026,235,93.0,4,324,77,4,False
2026-08-19,S019,P019,277,53.0,1,329,137,6,False
2026-08-04,S019,P025,445,95.0,9,531,123,7,False
2026-08-13,S016,P019,265,71.0,8,328,145,2,False
2026-08-13,S005,P020,352,33.0,6,379,177,6,False
2026-08-13,S011,P023,177,25.0,6,196,99,7,False
2026-08-12,S001,P011,180,142.0,3,319,140,7,False
2026-08-16,S004,P028,255,50.0,11,294,67,7,False
2026-08-20,S003,P007,438,38.0,3,473,151,7,False
2026-08-16,S017,P028,64,45.0,3,106,137,4,False
2026-08-10,S017,P013,128,161.0,6,283,162,5,False
2026-08-07,S002,P008,428,80.0,9,499,154,3,False
2026-08-12,S015,P017,188,143.0,5,326,175,1,False
2026-08-01,S008,P012,263,25.0,6,282,71,1,False
2026-08-18,S012,P012,170,65.0,6,229,151,7,False
2026-08-02,S006,P028,382,24.0,4,402,145,6,False
2026-08-08,S007,P009,231,66.0,3,294,122,3,False
2026-08-16,S005,P021,346,142.0,8,480,95,3,False
2026-08-10,S009,P014,70,105.0,5,170,61,3,False
2026-08-09,S007,P015,407,155.0,10,552,80,5,False
2026-08-12,S018,P021,354,166.0,2,518,196,5,False
2026-08-04,S016,P003,149,72.0,4,217,120,3,False
2026-08-09,S009,P021,404,130.0,9,525,154,7,False
2026-08-25,S008,P029,437,114.0,10,541,50,4,False
2026-08-05,S001,P021,374,73.0,5,442,148,6,False
2026-08-14,S013,P013,134,42.0,4,172,193,7,False
2026-08-07,S011,P024,232,107.0,3,336,191,5,False
2026-08-16,S012,P017,352,103.0,7,448,50,2,True
2026-08-24,S009,P024,235,58.0,7,286,110,3,False
2026-08-11,S003,P008,394,74.0,7,461,98,5,False
2026-08-11,S012,P009,390,101.0,6,485,99,4,False
2026-08-02,S019,P019,245,150.0,6,389,163,4,False
2026-08-04,S013,P017,271,42.0,9,304,77,7,False
2026-08-14,S019,P029,71,32.0,8,95,90,6,False
2026-08-23,S006,P025,188,179.0,10,357,50,2,False
2026-08-15,S009,P007,145,101.0,4,242,56,1,False
2026-08-25,S003,P005,92,121.0,7,206,170,1,False
2026-08-14,S016,P013,73,101.0,7,167,164,7,False
2026-08-11,S017,P007,102,26.0,7,121,97,5,False
2026-08-12,S010,P005,139,21.0,10,150,197,4,False
2026-08-02,S010,P010,218,58.0,6,270,93,6,False
2026-08-11,S016,P012,205,113.0,9,309,190,2,False
2026-08-08,S008,P024,127,134.0,5,256,73,1,False
2026-08-17,S006,P004,77,169.0,5,241,121,7,False
2026-08-21,S009,P025,226,121.0,2,345,149,7,False
2026-08-22,S004,P021,336,69.0,6,399,170,4,False
2026-08-15,S013,P004,129,178.0,6,301,168,2,False
2026-08-20,S020,P023,443,162.0,3,602,174,4,False
2026-08-04,S010,P004,328,163.0,3,488,193,5,False
2026-08-07,S009,P027,218,88.0,5,301,153,5,False
2026-08-14,S010,P006,176,22.0,5,193,143,3,False
2026-08-08,S001,P001,247,105.0,4,348,96,2,False
2026-08-16,S005,P003,215,2.0,5,212,30,5,False
2026-08-09,S008,P015,448,34.0,8,474,118,3,False
2026-08-04,S006,P028,300,136.0,6,430,32,6,False
2026-08-14,S004,P004,311,122.0,3,430,106,1,False
2026-08-05,S006,P011,280,74.0,4,350,182,2,False
2026-08-24,S003,P012,63,140.0,5,198,125,2,False
2026-08-13,S015,P009,270,143.0,4,409,141,4,False
2026-08-14,S006,P004,187,41.0,3,225,195,4,False
2026-08-14,S019,P016,253,56.0,6,303,97,1,False
2026-08-20,S013,P025,276,160.0,6,430,91,5,False
2026-08-24,S005,P016,373,177.0,8,542,99,3,False
2026-08-02,S003,P009,392,136.0,1,527,98,4,False
2026-08-25,S019,P024,156,17.0,6,167,76,2,False
2026-08-11,S017,P017,208,28.0,2,234,193,4,False
2026-08-22,S008,P016,376,115.0,8,483,99,6,False
2026-08-20,S002,P001,378,125.0,2,501,78,3,False
2026-08-16,S016,P028,69,38.0,12,95,42,5,False
2026-08-02,S017,P008,71,47.0,7,111,56,3,False
2026-08-15,S015,P026,197,32.0,3,226,142,6,False
2026-08-11,S004,P016,64,59.0,5,118,53,2,False
2026-08-14,S002,P018,67,126.0,6,187,85,3,False
2026-08-20,S020,P021,275,79.0,5,349,157,3,False
2026-08-11,S012,P027,297,178.0,8,467,38,3,False
2026-08-20,S020,P016,101,37.0,8,130,44,3,False
2026-08-04,S004,P025,260,18.0,4,274,150,2,True
2026-08-21,S010,P018,158,64.0,10,212,127,7,False
2026-08-06,S016,P005,66,31.0,4,93,93,4,False
2026-08-04,S009,P020,286,63.0,9,340,38,2,False
2026-08-07,S011,P004,295,24.0,10,309,163,6,False
2026-08-22,S019,P004,166,121.0,6,281,129,6,False
2026-08-17,S005,P016,219,82.0,5,296,70,6,False
2026-08-19,S016,P030,432,10.0,7,435,170,5,False
2026-08-19,S006,P024,122,64.0,5,181,153,6,False
2026-08-20,S020,P029,212,50.0,10,252,122,1,False
2026-08-20,S008,P009,401,55.0,4,452,58,2,False
2026-08-05,S005,P014,384,111.0,2,493,113,1,False
2026-08-10,S018,P028,145,70.0,5,210,179,1,False
2026-08-23,S010,P022,262,62.0,6,318,32,1,False
2026-08-17,S018,P023,357,176.0,8,525,151,6,False
2026-08-12,S018,P016,365,39.0,4,400,125,7,False
2026-08-14,S018,P010,105,63.0,3,165,70,4,False
2026-08-04,S001,P013,106,175.0,9,272,188,3,False
2026-08-06,S010,P022,448,160.0,7,601,45,1,False
2026-08-25,S018,P002,242,165.0,8,399,69,6,False
2026-08-22,S018,P028,334,27.0,8,353,62,4,False
2026-08-23,S002,P030,179,81.0,6,254,172,7,False
2026-08-18,S002,P001,390,88.0,5,473,142,6,False
2026-08-25,S015,P027,158,5.0,14,149,126,3,False
2026-08-24,S020,P007,430,34.0,7,457,94,1,False
2026-08-15,S006,P022,308,180.0,8,480,142,5,False
2026-08-18,S009,P005,210,138.0,6,342,155,2,False
2026-08-23,S005,P002,350,47.0,11,386,169,3,False
2026-08-12,S003,P026,225,119.0,8,336,100,7,False
2026-08-17,S003,P026,366,141.0,3,504,71,1,False
2026-08-13,S003,P012,331,39.0,6,364,145,3,False
2026-08-07,S020,P017,194,138.0,6,326,123,4,False
2026-08-04,S012,P015,60,163.0,4,219,159,4,False
2026-08-11,S013,P030,435,47.0,7,475,34,5,False
2026-08-18,S010,P001,246,158.0,5,399,91,3,False
2026-08-17,S015,P016,429,16.0,7,438,198,5,False
2026-08-04,S006,P025,258,48.0,6,300,164,6,False
2026-08-07,S007,P028,314,141.0,1,454,69,5,False
2026-08-18,S014,P021,204,82.0,10,276,134,6,False
2026-08-05,S001,P015,224,28.0,2,250,54,5,False
2026-08-02,S006,P026,397,17.0,9,405,41,7,False
2026-08-21,S013,P014,126,45.0,5,166,38,2,False
2026-08-24,S020,P003,114,124.0,5,233,79,1,False
2026-08-03,S012,P030,76,146.0,4,218,194,7,False
2026-08-20,S003,P010,258,168.0,5,421,155,5,False
2026-08-22,S001,P016,379,179.0,11,547,181,3,False
2026-08-21,S005,P010,85,93.0,1,177,86,5,False
2026-08-12,S001,P018,427,18.0,3,442,33,2,False
2026-08-01,S019,P020,395,125.0,2,518,50,4,False
2026-08-24,S012,P007,387,15.0,5,397,122,5,False
2026-08-06,S006,P008,440,106.0,4,542,44,7,True
2026-08-06,S019,P028,375,68.0,11,432,165,1,False
2026-08-10,S003,P009,435,18.0,11,442,107,1,False
2026-08-05,S008,P004,170,132.0,4,298,54,1,False
2026-08-11,S020,P022,431,59.0,8,482,166,4,False
2026-08-11,S014,P006,157,49.0,9,197,164,6,False
2026-08-14,S009,P027,187,145.0,2,330,190,2,False
2026-08-16,S015,P015,345,142.0,9,478,136,6,False
2026-08-06,S020,P003,114,163.0,5,272,177,3,False
2026-08-18,S007,P009,405,117.0,7,515,200,4,False
2026-08-03,S001,P028,113,42.0,6,149,76,5,False
2026-08-13,S019,P007,265,129.0,5,389,116,6,False
2026-08-18,S016,P021,140,136.0,6,270,183,4,False
2026-08-17,S003,P013,250,105.0,4,351,192,4,False
2026-08-20,S006,P025,431,82.0,7,506,185,2,False
2026-08-19,S019,P022,348,139.0,1,486,84,4,False
2026-08-16,S012,P002,341,65.0,10,396,122,4,False
2026-08-02,S007,P017,289,101.0,6,384,30,6,False
2026-08-15,S002,P002,77,72.0,7,142,182,1,False
2026-08-21,S009,P027,325,34.0,3,356,107,1,False
2026-08-06,S013,P021,213,56.0,7,262,84,7,False
2026-08-03,S017,P009,221,5.0,2,224,100,5,False
2026-08-13,S012,P027,321,142.0,5,458,176,5,False
2026-08-20,S001,P017,139,24.0,10,153,39,4,False
2026-08-03,S017,P021,242,39.0,9,272,65,3,False
2026-08-23,S004,P022,247,149.0,10,386,93,2,False
2026-08-16,S007,P019,191,76.0,14,253,53,5,False
2026-08-19,S019,P006,264,145.0,2,407,85,6,False
2026-08-02,S006,P009,99,83.0,8,174,153,2,False
