date,store_id,product_id,units_sold,avg_selling_price,avg_discount_pct,promotion_flag,transaction_count,revenue,category,sub_category,brand,mrp,cost_price,shelf_life_days,supplier_id,city,store_type,floor_area_sqft,avg_daily_customers,region,opening,received,sold,closing,reorder_lvl,lead_days,inventory_mismatch_flag,temp_c,rain_mm,holiday,festival,weekend,local_event,stockout_flag,avg_daily_demand,days_of_inventory,inventory_to_demand_ratio,day_of_week,day_name,month,week_no,weekend_flag
2026-08-01,S002,P028,4,142.76,0.0,0,1,571.04,Personal Care,Shampoo,Aavin,142.76,80.99,240.0,SUP18,Salem,Hypermarket,24793.0,4197.0,Central,338.0,104.0,4.0,438.0,95.0,2.0,False,,,,,,,0,4,109.5,109.5,5,Saturday,8,31,1
2026-08-01,S008,P012,6,350.19,0.0,0,1,2101.14,Frozen,Frozen Snacks,Aavin,350.19,272.3,60.0,SUP02,Tiruppur,Supermarket,10650.0,1446.0,West,263.0,25.0,6.0,282.0,71.0,1.0,False,35.2,12.8,0.0,0.0,1.0,0.0,0,6,47.0,47.0,5,Saturday,8,31,1
2026-08-01,S011,P020,11,62.39,20.0,1,1,686.29,Grocery,Oil,NovaFresh,77.99,52.05,30.0,SUP09,Madurai,Supermarket,6169.0,1002.0,South,325.0,3.0,11.0,317.0,47.0,1.0,False,27.1,6.5,0.0,0.0,1.0,0.0,0,11,28.818181818181817,28.818181818181817,5,Saturday,8,31,1
2026-08-01,S014,P001,8,36.88,0.0,1,1,295.04,Frozen,Ice Cream,GlowCare,36.88,23.02,60.0,SUP04,,,,,,164.0,0.0,8.0,156.0,171.0,7.0,True,,,,,,,1,8,19.5,19.5,5,Saturday,8,31,1
2026-08-01,S014,P003,11,247.85,15.0,1,1,2726.35,Household,Detergent,PureLife,291.59,216.75,180.0,SUP08,,,,,,,,,,,,,,,,,,,0,11,0.0,0.0,5,Saturday,8,31,1
2026-08-01,S019,P020,2,77.99,0.0,0,1,155.98,Grocery,Oil,NovaFresh,77.99,52.05,30.0,SUP09,Bengaluru,Supermarket,6004.0,636.0,South,395.0,125.0,2.0,518.0,50.0,4.0,False,25.9,0.0,1.0,0.0,1.0,0.0,0,2,259.0,259.0,5,Saturday,8,31,1
2026-08-02,S003,P009,1,492.98,0.0,0,1,492.98,Grocery,Oil,FizzUp,492.98,384.99,180.0,SUP09,Erode,Hypermarket,18029.0,3086.0,West,392.0,136.0,1.0,527.0,98.0,4.0,False,32.833333333333336,2.4,0.0,1.0,1.0,0.0,0,1,527.0,527.0,6,Sunday,8,31,1
2026-08-02,S004,P011,9,278.72,0.0,1,1,2508.4800000000005,Household,Cleaner,NovaFresh,278.72,171.72,180.0,SUP09,Bengaluru,Hypermarket,15060.0,2340.0,South,406.0,169.0,9.0,566.0,156.0,5.0,False,,,,,,,0,9,62.888888888888886,62.888888888888886,6,Sunday,8,31,1
2026-08-02,S005,P025,6,489.54,0.0,0,1,2937.2400000000002,Grocery,Rice,Crispo,489.54,339.66,60.0,SUP16,Erode,Express,5478.0,734.0,West,76.0,128.0,6.0,198.0,118.0,4.0,False,32.833333333333336,2.4,0.0,1.0,1.0,0.0,0,6,33.0,33.0,6,Sunday,8,31,1
2026-08-02,S006,P009,8,492.98,0.0,0,1,3943.84,Grocery,Oil,FizzUp,492.98,384.99,180.0,SUP09,Tiruppur,Express,4734.0,585.0,West,99.0,83.0,8.0,174.0,153.0,2.0,False,,,,,,,0,8,21.75,21.75,6,Sunday,8,31,1
2026-08-02,S006,P026,9,150.9,0.0,1,1,1358.1000000000001,Household,Cleaner,DailyChoice,150.9,118.54,60.0,SUP18,Tiruppur,Express,4734.0,585.0,West,397.0,17.0,9.0,405.0,41.0,7.0,False,,,,,,,0,9,45.0,45.0,6,Sunday,8,31,1
2026-08-02,S006,P028,4,142.76,0.0,0,1,571.04,Personal Care,Shampoo,Aavin,142.76,80.99,240.0,SUP18,Tiruppur,Express,4734.0,585.0,West,382.0,24.0,4.0,402.0,145.0,6.0,False,,,,,,,0,4,100.5,100.5,6,Sunday,8,31,1
2026-08-02,S006,P030,5,58.66,0.0,0,1,293.29999999999995,Dairy,Butter,NovaFresh,58.66,36.03,60.0,SUP18,Tiruppur,Express,4734.0,585.0,West,396.0,132.0,5.0,523.0,103.0,2.0,False,,,,,,,0,5,104.6,104.6,6,Sunday,8,31,1
2026-08-02,S007,P017,6,434.02,0.0,0,1,2604.12,Grocery,Rice,Crispo,434.02,256.62,730.0,SUP14,Chennai,Supermarket,7686.0,957.0,North,289.0,101.0,6.0,384.0,30.0,6.0,False,30.9,9.5,0.0,1.0,1.0,0.0,0,6,64.0,64.0,6,Sunday,8,31,1
2026-08-02,S010,P001,7,36.88,0.0,1,1,258.16,Frozen,Ice Cream,GlowCare,36.88,23.02,60.0,SUP04,Coimbatore,Supermarket,10498.0,1355.0,West,183.0,67.0,7.0,243.0,82.0,2.0,False,31.2,0.0,0.0,1.0,1.0,0.0,0,7,34.714285714285715,34.714285714285715,6,Sunday,8,31,1
2026-08-02,S010,P010,6,102.26,0.0,0,1,613.5600000000001,Personal Care,Toothpaste,FreshHome,102.26,66.05,365.0,SUP03,Coimbatore,Supermarket,10498.0,1355.0,West,218.0,58.0,6.0,270.0,93.0,6.0,False,31.2,0.0,0.0,1.0,1.0,0.0,0,6,45.0,45.0,6,Sunday,8,31,1
2026-08-02,S013,P017,12,368.92,15.0,1,1,4427.04,Grocery,Rice,Crispo,434.02,256.62,730.0,SUP14,,,,,,150.0,121.0,12.0,259.0,187.0,5.0,False,,,,,,,0,12,21.583333333333332,21.583333333333332,6,Sunday,8,31,1
2026-08-02,S014,P022,4,97.6,0.0,0,1,390.4,,,,,,,,,,,,,421.0,101.0,4.0,518.0,65.0,7.0,False,,,,,,,0,4,129.5,129.5,6,Sunday,8,31,1
2026-08-02,S017,P008,7,299.24,0.0,0,1,2094.6800000000003,Snacks,Namkeen,Aavin,299.24,221.51,365.0,SUP08,Tiruppur,Express,5674.0,686.0,West,71.0,47.0,7.0,111.0,56.0,3.0,False,,,,,,,0,7,15.857142857142858,15.857142857142858,6,Sunday,8,31,1
2026-08-02,S019,P019,6,348.13,0.0,0,1,2088.7799999999997,Household,Detergent,PureLife,348.13,202.24,730.0,SUP09,Bengaluru,Supermarket,6004.0,636.0,South,245.0,150.0,6.0,389.0,163.0,4.0,False,,,,,,,0,6,64.83333333333333,64.83333333333333,6,Sunday,8,31,1
2026-08-03,S001,P028,6,142.76,0.0,0,1,856.56,Personal Care,Shampoo,Aavin,142.76,80.99,240.0,SUP18,Trichy,Express,4439.0,534.0,Central,113.0,42.0,6.0,149.0,76.0,5.0,False,30.2,9.4,0.0,0.0,0.0,0.0,0,6,24.833333333333332,24.833333333333332,0,Monday,8,32,0
2026-08-03,S003,P013,6,215.55,0.0,0,1,1293.3000000000002,Grocery,Oil,HomePlus,215.55,122.4,365.0,SUP11,Erode,Hypermarket,18029.0,3086.0,West,192.0,47.0,6.0,233.0,170.0,3.0,False,27.3,6.2,0.0,0.0,0.0,0.0,0,6,38.833333333333336,38.833333333333336,0,Monday,8,32,0
2026-08-03,S004,P004,7,409.48,0.0,1,1,2866.36,Personal Care,Toothpaste,Crispo,409.48,225.93,365.0,SUP14,Bengaluru,Hypermarket,15060.0,2340.0,South,69.0,169.0,7.0,231.0,102.0,1.0,False,33.339999999999996,7.9,1.0,0.0,0.0,1.0,0,7,33.0,33.0,0,Monday,8,32,0
2026-08-03,S008,P012,7,350.19,0.0,0,1,2451.33,Frozen,Frozen Snacks,Aavin,350.19,272.3,60.0,SUP02,Tiruppur,Supermarket,10650.0,1446.0,West,207.0,23.0,7.0,223.0,117.0,1.0,True,29.3,0.0,0.0,0.0,0.0,0.0,0,7,31.857142857142858,31.857142857142858,0,Monday,8,32,0
2026-08-03,S008,P018,3,207.76,0.0,0,1,623.28,Household,Detergent,NovaFresh,207.76,147.69,240.0,SUP09,Tiruppur,Supermarket,10650.0,1446.0,West,321.0,67.0,3.0,385.0,72.0,6.0,False,29.3,0.0,0.0,0.0,0.0,0.0,0,3,128.33333333333334,128.33333333333334,0,Monday,8,32,0
2026-08-03,S011,P015,8,378.87,0.0,1,1,3030.96,Beverages,Juice,HomePlus,378.87,263.51,180.0,SUP19,Madurai,Supermarket,6169.0,1002.0,South,343.0,45.0,8.0,380.0,151.0,3.0,False,,,,,,,0,8,47.5,47.5,0,Monday,8,32,0
2026-08-03,S012,P030,4,58.66,0.0,0,1,234.64,Dairy,Butter,NovaFresh,58.66,36.03,60.0,SUP18,Unknowncity,Supermarket,5550.0,841.0,West,76.0,146.0,4.0,218.0,194.0,7.0,False,,,,,,,0,4,54.5,54.5,0,Monday,8,32,0
2026-08-03,S017,P009,2,492.98,0.0,0,1,985.96,Grocery,Oil,FizzUp,492.98,384.99,180.0,SUP09,Tiruppur,Express,5674.0,686.0,West,221.0,5.0,2.0,224.0,100.0,5.0,False,29.3,0.0,0.0,0.0,0.0,0.0,0,2,112.0,112.0,0,Monday,8,32,0
2026-08-03,S017,P021,9,266.15,0.0,1,1,2395.35,,,,,,,,Tiruppur,Express,5674.0,686.0,West,242.0,39.0,9.0,272.0,65.0,3.0,False,29.3,0.0,0.0,0.0,0.0,0.0,0,9,30.22222222222222,30.22222222222222,0,Monday,8,32,0
2026-08-03,S018,P015,11,378.87,0.0,1,1,4167.57,Beverages,Juice,HomePlus,378.87,263.51,180.0,SUP19,Bengaluru,Supermarket,10012.0,1735.0,South,393.0,149.0,11.0,531.0,94.0,3.0,False,33.339999999999996,7.9,1.0,0.0,0.0,1.0,0,11,48.27272727272727,48.27272727272727,0,Monday,8,32,0
2026-08-04,S001,P013,9,183.22,15.0,1,1,1648.98,Grocery,Oil,HomePlus,215.55,122.4,365.0,SUP11,Trichy,Express,4439.0,534.0,Central,106.0,175.0,9.0,272.0,188.0,3.0,False,30.4,4.8,0.0,0.0,0.0,0.0,0,9,30.22222222222222,30.22222222222222,1,Tuesday,8,32,0
2026-08-04,S004,P025,4,489.54,0.0,0,1,1958.16,Grocery,Rice,Crispo,489.54,339.66,60.0,SUP16,Bengaluru,Hypermarket,15060.0,2340.0,South,260.0,18.0,4.0,274.0,150.0,2.0,True,32.65,0.2,0.0,0.0,0.0,0.0,0,4,68.5,68.5,1,Tuesday,8,32,0
2026-08-04,S006,P025,6,489.54,0.0,0,1,2937.2400000000002,Grocery,Rice,Crispo,489.54,339.66,60.0,SUP16,Tiruppur,Express,4734.0,585.0,West,258.0,48.0,6.0,300.0,164.0,6.0,False,,,,,,,0,6,50.0,50.0,1,Tuesday,8,32,0
2026-08-04,S006,P028,6,142.76,0.0,1,1,856.56,Personal Care,Shampoo,Aavin,142.76,80.99,240.0,SUP18,Tiruppur,Express,4734.0,585.0,West,300.0,136.0,6.0,430.0,32.0,6.0,False,,,,,,,0,6,71.66666666666667,71.66666666666667,1,Tuesday,8,32,0
2026-08-04,S009,P020,9,77.99,0.0,1,1,701.91,Grocery,Oil,NovaFresh,77.99,52.05,30.0,SUP09,Erode,Express,5119.0,913.0,West,286.0,63.0,9.0,340.0,38.0,2.0,False,32.55,9.149999999999999,0.0,0.0,0.0,1.0,0,9,37.77777777777778,37.77777777777778,1,Tuesday,8,32,0
2026-08-04,S010,P004,3,409.48,0.0,0,1,1228.44,Personal Care,Toothpaste,Crispo,409.48,225.93,365.0,SUP14,Coimbatore,Supermarket,10498.0,1355.0,West,328.0,163.0,3.0,488.0,193.0,5.0,False,,,,,,,0,3,162.66666666666666,162.66666666666666,1,Tuesday,8,32,0
2026-08-04,S012,P015,4,322.04,15.0,1,1,1288.16,Beverages,Juice,HomePlus,378.87,263.51,180.0,SUP19,Unknowncity,Supermarket,5550.0,841.0,West,60.0,163.0,4.0,219.0,159.0,4.0,False,,,,,,,0,4,54.75,54.75,1,Tuesday,8,32,0
2026-08-04,S013,P017,9,434.02,0.0,1,1,3906.18,Grocery,Rice,Crispo,434.02,256.62,730.0,SUP14,,,,,,271.0,42.0,9.0,304.0,77.0,7.0,False,,,,,,,0,9,33.77777777777778,33.77777777777778,1,Tuesday,8,32,0
2026-08-04,S016,P003,4,291.59,0.0,0,1,1166.36,Household,Detergent,PureLife,291.59,216.75,180.0,SUP08,Salem,Supermarket,5212.0,729.0,Central,149.0,72.0,4.0,217.0,120.0,3.0,False,32.1,7.8,0.0,0.0,0.0,0.0,0,4,54.25,54.25,1,Tuesday,8,32,0
2026-08-04,S019,P025,9,489.54,0.0,1,1,4405.860000000001,Grocery,Rice,Crispo,489.54,339.66,60.0,SUP16,Bengaluru,Supermarket,6004.0,636.0,South,445.0,95.0,9.0,531.0,123.0,7.0,False,32.65,0.2,0.0,0.0,0.0,0.0,0,9,59.0,59.0,1,Tuesday,8,32,0
2026-08-05,S001,P015,2,378.87,0.0,0,1,757.74,Beverages,Juice,HomePlus,378.87,263.51,180.0,SUP19,Trichy,Express,4439.0,534.0,Central,224.0,28.0,2.0,250.0,54.0,5.0,False,31.166666666666668,8.266666666666667,0.0,0.0,0.0,1.0,0,2,125.0,125.0,2,Wednesday,8,32,0
2026-08-05,S001,P021,5,266.15,0.0,0,1,1330.75,,,,,,,,Trichy,Express,4439.0,534.0,Central,374.0,73.0,5.0,442.0,148.0,6.0,False,31.166666666666668,8.266666666666667,0.0,0.0,0.0,1.0,0,5,88.4,88.4,2,Wednesday,8,32,0
2026-08-05,S002,P020,4,77.99,0.0,0,1,311.96,Grocery,Oil,NovaFresh,77.99,52.05,30.0,SUP09,Salem,Hypermarket,24793.0,4197.0,Central,417.0,59.0,4.0,472.0,187.0,2.0,False,26.0,2.1,0.0,1.0,0.0,1.0,0,4,118.0,118.0,2,Wednesday,8,32,0
2026-08-05,S004,P001,9,29.5,20.0,1,1,265.5,Frozen,Ice Cream,GlowCare,36.88,23.02,60.0,SUP04,Bengaluru,Hypermarket,15060.0,2340.0,South,79.0,98.0,9.0,168.0,132.0,5.0,False,34.1,7.3,0.0,0.0,0.0,1.0,0,9,18.666666666666668,18.666666666666668,2,Wednesday,8,32,0
2026-08-05,S004,P006,7,195.52,0.0,0,1,1368.64,Beverages,Shampoo,FreshHome,195.52,125.69,730.0,SUP02,Bengaluru,Hypermarket,15060.0,2340.0,South,320.0,102.0,7.0,415.0,116.0,7.0,False,34.1,7.3,0.0,0.0,0.0,1.0,0,7,59.285714285714285,59.285714285714285,2,Wednesday,8,32,0
2026-08-05,S005,P014,2,212.93,0.0,0,1,425.86,Beverages,Energy Drink,NovaFresh,212.93,169.69,60.0,SUP09,Erode,Express,5478.0,734.0,West,384.0,111.0,2.0,493.0,113.0,1.0,False,,,,,,,0,2,246.5,246.5,2,Wednesday,8,32,0
2026-08-05,S006,P011,4,278.72,0.0,0,1,1114.88,Household,Cleaner,NovaFresh,278.72,171.72,180.0,SUP09,Tiruppur,Express,4734.0,585.0,West,280.0,74.0,4.0,350.0,182.0,2.0,False,,,,,,,0,4,87.5,87.5,2,Wednesday,8,32,0
2026-08-05,S008,P004,4,409.48,0.0,1,1,1637.92,Personal Care,Toothpaste,Crispo,409.48,225.93,365.0,SUP14,Tiruppur,Supermarket,10650.0,1446.0,West,170.0,132.0,4.0,298.0,54.0,1.0,False,,,,,,,0,4,74.5,74.5,2,Wednesday,8,32,0
2026-08-05,S009,P024,7,139.41,0.0,0,1,975.87,Beverages,Soft Drink,FizzUp,139.41,98.03,30.0,SUP16,Erode,Express,5119.0,913.0,West,177.0,123.0,7.0,293.0,127.0,3.0,False,,,,,,,0,7,41.857142857142854,41.857142857142854,2,Wednesday,8,32,0
2026-08-05,S011,P023,11,205.67,20.0,1,1,2262.37,Dairy,Butter,CoolBite,257.09,149.16,180.0,SUP10,Madurai,Supermarket,6169.0,1002.0,South,354.0,64.0,11.0,407.0,143.0,4.0,False,30.900000000000002,7.15,1.0,0.0,0.0,1.0,0,11,37.0,37.0,2,Wednesday,8,32,0
2026-08-05,S014,P007,5,279.71,0.0,0,1,1398.55,Beverages,Frozen Meat,DailyChoice,279.71,227.33,30.0,SUP18,,,,,,395.0,0.0,5.0,390.0,70.0,1.0,False,,,,,,,0,5,78.0,78.0,2,Wednesday,8,32,0
2026-08-06,S006,P008,4,299.24,0.0,0,1,1196.96,Snacks,Namkeen,Aavin,299.24,221.51,365.0,SUP08,Tiruppur,Express,4734.0,585.0,West,440.0,106.0,4.0,542.0,44.0,7.0,True,31.1,4.7,1.0,0.0,0.0,0.0,0,4,135.5,135.5,3,Thursday,8,32,0
2026-08-06,S007,P026,6,150.9,0.0,1,1,905.4000000000001,Household,Cleaner,DailyChoice,150.9,118.54,60.0,SUP18,Chennai,Supermarket,7686.0,957.0,North,167.0,97.0,6.0,258.0,178.0,1.0,False,,,,,,,0,6,43.0,43.0,3,Thursday,8,32,0
2026-08-06,S010,P003,3,291.59,0.0,0,1,874.77,Household,Detergent,PureLife,291.59,216.75,180.0,SUP08,Coimbatore,Supermarket,10498.0,1355.0,West,312.0,147.0,3.0,456.0,100.0,4.0,False,30.5,2.2,0.0,0.0,0.0,1.0,0,3,152.0,152.0,3,Thursday,8,32,0
2026-08-06,S010,P022,7,78.08,20.0,1,1,546.56,,,,,,,,Coimbatore,Supermarket,10498.0,1355.0,West,448.0,160.0,7.0,601.0,45.0,1.0,False,30.5,2.2,0.0,0.0,0.0,1.0,0,7,85.85714285714286,85.85714285714286,3,Thursday,8,32,0
2026-08-06,S010,P027,6,363.65,0.0,0,1,2181.8999999999996,Grocery,Pulses,CoolBite,363.65,239.18,180.0,SUP17,Coimbatore,Supermarket,10498.0,1355.0,West,259.0,162.0,6.0,415.0,31.0,7.0,False,30.5,2.2,0.0,0.0,0.0,1.0,0,6,69.16666666666667,69.16666666666667,3,Thursday,8,32,0
2026-08-06,S013,P010,7,102.26,0.0,0,1,715.82,Personal Care,Toothpaste,FreshHome,102.26,66.05,365.0,SUP03,,,,,,94.0,97.0,7.0,184.0,192.0,7.0,False,,,,,,,1,7,26.285714285714285,26.285714285714285,3,Thursday,8,32,0
2026-08-06,S013,P021,7,266.15,0.0,0,1,1863.0499999999997,,,,,,,,,,,,,213.0,56.0,7.0,262.0,84.0,7.0,False,,,,,,,0,7,37.42857142857143,37.42857142857143,3,Thursday,8,32,0
2026-08-06,S016,P005,4,98.85,0.0,0,1,395.4,Snacks,Namkeen,CoolBite,98.85,79.92,30.0,SUP03,Salem,Supermarket,5212.0,729.0,Central,66.0,31.0,4.0,93.0,93.0,4.0,False,32.8,0.0,0.0,1.0,0.0,1.0,0,4,23.25,23.25,3,Thursday,8,32,0
2026-08-06,S019,P028,11,114.21,20.0,1,1,1256.31,Personal Care,Shampoo,Aavin,142.76,80.99,240.0,SUP18,Bengaluru,Supermarket,6004.0,636.0,South,375.0,68.0,11.0,432.0,165.0,1.0,False,29.85,0.0,0.0,1.0,0.0,0.0,0,11,39.27272727272727,39.27272727272727,3,Thursday,8,32,0
2026-08-06,S020,P003,5,291.59,0.0,0,1,1457.9499999999998,Household,Detergent,PureLife,291.59,216.75,180.0,SUP08,Madurai,Express,5819.0,899.0,South,114.0,163.0,5.0,272.0,177.0,3.0,False,,,,,,,0,5,54.4,54.4,3,Thursday,8,32,0
2026-08-06,S020,P011,7,278.72,0.0,0,1,1951.0400000000002,Household,Cleaner,NovaFresh,278.72,171.72,180.0,SUP09,Madurai,Express,5819.0,899.0,South,221.0,105.0,7.0,319.0,120.0,5.0,False,,,,,,,0,7,45.57142857142857,45.57142857142857,3,Thursday,8,32,0
2026-08-07,S002,P008,9,299.24,0.0,1,1,2693.16,Snacks,Namkeen,Aavin,299.24,221.51,365.0,SUP08,Salem,Hypermarket,24793.0,4197.0,Central,428.0,80.0,9.0,499.0,154.0,3.0,False,28.2,7.4,0.0,0.0,0.0,0.0,0,9,55.44444444444444,55.44444444444444,4,Friday,8,32,0
2026-08-07,S003,P029,6,22.74,20.0,1,1,136.44,Beverages,Juice,Aavin,28.42,21.06,60.0,SUP03,Erode,Hypermarket,18029.0,3086.0,West,270.0,153.0,6.0,417.0,66.0,7.0,False,35.2,19.5,0.0,0.0,0.0,0.0,0,6,69.5,69.5,4,Friday,8,32,0
2026-08-07,S005,P027,10,363.65,0.0,0,1,3636.5,Grocery,Pulses,CoolBite,363.65,239.18,180.0,SUP17,Erode,Express,5478.0,734.0,West,226.0,92.0,10.0,308.0,186.0,7.0,False,35.2,19.5,0.0,0.0,0.0,0.0,0,10,30.8,30.8,4,Friday,8,32,0
2026-08-07,S007,P028,1,142.76,0.0,0,1,142.76,Personal Care,Shampoo,Aavin,142.76,80.99,240.0,SUP18,Chennai,Supermarket,7686.0,957.0,North,314.0,141.0,1.0,454.0,69.0,5.0,False,31.349999999999998,6.5,1.0,0.0,0.0,1.0,0,1,454.0,454.0,4,Friday,8,32,0
2026-08-07,S009,P027,5,363.65,0.0,0,1,1818.25,Grocery,Pulses,CoolBite,363.65,239.18,180.0,SUP17,Erode,Express,5119.0,913.0,West,218.0,88.0,5.0,301.0,153.0,5.0,False,35.2,19.5,0.0,0.0,0.0,0.0,0,5,60.2,60.2,4,Friday,8,32,0
2026-08-07,S011,P004,10,409.48,0.0,0,1,4094.8,Personal Care,Toothpaste,Crispo,409.48,225.93,365.0,SUP14,Madurai,Supermarket,6169.0,1002.0,South,295.0,24.0,10.0,309.0,163.0,6.0,False,33.9,4.75,0.0,1.0,0.0,0.0,0,10,30.9,30.9,4,Friday,8,32,0
2026-08-07,S011,P024,3,139.41,0.0,0,1,418.23,Beverages,Soft Drink,FizzUp,139.41,98.03,30.0,SUP16,Madurai,Supermarket,6169.0,1002.0,South,232.0,107.0,3.0,336.0,191.0,5.0,False,33.9,4.75,0.0,1.0,0.0,0.0,0,3,112.0,112.0,4,Friday,8,32,0
2026-08-07,S020,P017,6,434.02,0.0,0,1,2604.12,Grocery,Rice,Crispo,434.02,256.62,730.0,SUP14,Madurai,Express,5819.0,899.0,South,194.0,138.0,6.0,326.0,123.0,4.0,False,33.9,4.75,0.0,1.0,0.0,0.0,0,6,54.333333333333336,54.333333333333336,4,Friday,8,32,0
2026-08-08,S001,P001,4,36.88,0.0,0,1,147.52,Frozen,Ice Cream,GlowCare,36.88,23.02,60.0,SUP04,Trichy,Express,4439.0,534.0,Central,247.0,105.0,4.0,348.0,96.0,2.0,False,,,,,,,0,4,87.0,87.0,5,Saturday,8,32,1
2026-08-08,S003,P030,9,58.66,0.0,0,1,527.9399999999999,Dairy,Butter,NovaFresh,58.66,36.03,60.0,SUP18,Erode,Hypermarket,18029.0,3086.0,West,60.0,173.0,9.0,224.0,196.0,4.0,False,29.5,3.8,0.0,0.0,1.0,0.0,0,9,24.88888888888889,24.88888888888889,5,Saturday,8,32,1
2026-08-08,S004,P002,5,305.48,0.0,0,1,1527.4,Frozen,Ice Cream,FizzUp,305.48,170.64,60.0,SUP08,Bengaluru,Hypermarket,15060.0,2340.0,South,63.0,138.0,5.0,196.0,40.0,7.0,False,27.0,9.7,0.0,1.0,1.0,0.0,0,5,39.2,39.2,5,Saturday,8,32,1
2026-08-08,S007,P009,3,492.98,0.0,0,1,1478.94,Grocery,Oil,FizzUp,492.98,384.99,180.0,SUP09,Chennai,Supermarket,7686.0,957.0,North,231.0,66.0,3.0,294.0,122.0,3.0,False,27.6,2.2,0.0,0.0,1.0,0.0,0,3,98.0,98.0,5,Saturday,8,32,1
2026-08-08,S008,P024,5,139.41,0.0,0,1,697.05,Beverages,Soft Drink,FizzUp,139.41,98.03,30.0,SUP16,Tiruppur,Supermarket,10650.0,1446.0,West,127.0,134.0,5.0,256.0,73.0,1.0,False,33.2,0.0,1.0,0.0,1.0,0.0,0,5,51.2,51.2,5,Saturday,8,32,1
2026-08-08,S009,P018,1,207.76,0.0,0,1,207.76,Household,Detergent,NovaFresh,207.76,147.69,240.0,SUP09,Erode,Express,5119.0,913.0,West,238.0,88.0,1.0,325.0,100.0,2.0,False,29.5,3.8,0.0,0.0,1.0,0.0,0,1,325.0,325.0,5,Saturday,8,32,1
2026-08-08,S016,P010,11,81.81,20.0,1,1,899.9100000000001,Personal Care,Toothpaste,FreshHome,102.26,66.05,365.0,SUP03,Salem,Supermarket,5212.0,729.0,Central,412.0,2.0,11.0,403.0,33.0,6.0,False,29.23333333333333,7.433333333333333,1.0,0.0,1.0,0.0,0,11,36.63636363636363,36.63636363636363,5,Saturday,8,32,1
2026-08-08,S016,P013,7,204.77,5.0,1,1,1433.39,Grocery,Oil,HomePlus,215.55,122.4,365.0,SUP11,Salem,Supermarket,5212.0,729.0,Central,257.0,33.0,7.0,283.0,57.0,1.0,False,29.23333333333333,7.433333333333333,1.0,0.0,1.0,0.0,0,7,40.42857142857143,40.42857142857143,5,Saturday,8,32,1
2026-08-08,S019,P011,7,278.72,0.0,0,1,1951.0400000000002,Household,Cleaner,NovaFresh,278.72,171.72,180.0,SUP09,Bengaluru,Supermarket,6004.0,636.0,South,354.0,1.0,7.0,348.0,96.0,2.0,False,27.0,9.7,0.0,1.0,1.0,0.0,0,7,49.714285714285715,49.714285714285715,5,Saturday,8,32,1
2026-08-09,S003,P019,3,215.55,0.0,0,1,646.6500000000001,Household,Detergent,PureLife,348.13,202.24,730.0,SUP09,Erode,Hypermarket,18029.0,3086.0,West,395.0,52.0,3.0,444.0,110.0,4.0,False,28.3,0.0,0.0,1.0,1.0,0.0,0,3,148.0,148.0,6,Sunday,8,32,1
2026-08-09,S004,P024,11,132.44,5.0,1,1,1456.84,Beverages,Soft Drink,FizzUp,139.41,98.03,30.0,SUP16,Bengaluru,Hypermarket,15060.0,2340.0,South,241.0,55.0,11.0,285.0,176.0,3.0,False,,,,,,,0,11,25.90909090909091,25.90909090909091,6,Sunday,8,32,1
2026-08-09,S004,P029,4,28.42,0.0,0,1,113.68,Beverages,Juice,Aavin,28.42,21.06,60.0,SUP03,Bengaluru,Hypermarket,15060.0,2340.0,South,179.0,21.0,4.0,196.0,102.0,5.0,False,,,,,,,0,4,49.0,49.0,6,Sunday,8,32,1
2026-08-09,S007,P015,10,340.98,10.0,1,1,3409.8,Beverages,Juice,HomePlus,378.87,263.51,180.0,SUP19,Chennai,Supermarket,7686.0,957.0,North,407.0,155.0,10.0,552.0,80.0,5.0,False,,,,,,,0,10,55.2,55.2,6,Sunday,8,32,1
2026-08-09,S008,P003,6,291.59,0.0,0,1,1749.54,Household,Detergent,PureLife,291.59,216.75,180.0,SUP08,Tiruppur,Supermarket,10650.0,1446.0,West,418.0,41.0,6.0,453.0,55.0,2.0,False,,,,,,,0,6,75.5,75.5,6,Sunday,8,32,1
2026-08-09,S008,P015,8,378.87,0.0,0,1,3030.96,Beverages,Juice,HomePlus,378.87,263.51,180.0,SUP19,Tiruppur,Supermarket,10650.0,1446.0,West,448.0,34.0,8.0,474.0,118.0,3.0,False,,,,,,,0,8,59.25,59.25,6,Sunday,8,32,1
2026-08-09,S009,P021,9,266.15,0.0,0,1,2395.35,,,,,,,,Erode,Express,5119.0,913.0,West,404.0,130.0,9.0,525.0,154.0,7.0,False,28.3,0.0,0.0,1.0,1.0,0.0,0,9,58.333333333333336,58.333333333333336,6,Sunday,8,32,1
2026-08-09,S017,P015,9,378.87,0.0,0,1,3409.83,Beverages,Juice,HomePlus,378.87,263.51,180.0,SUP19,Tiruppur,Express,5674.0,686.0,West,181.0,68.0,9.0,240.0,150.0,5.0,False,,,,,,,0,9,26.666666666666668,26.666666666666668,6,Sunday,8,32,1
2026-08-10,S003,P009,11,419.03,15.0,1,1,4609.33,Grocery,Oil,FizzUp,492.98,384.99,180.0,SUP09,Erode,Hypermarket,18029.0,3086.0,West,435.0,18.0,11.0,442.0,107.0,1.0,False,29.6,7.6,0.0,0.0,0.0,0.0,0,11,40.18181818181818,40.18181818181818,0,Monday,8,33,0
2026-08-10,S006,P004,7,409.48,0.0,1,1,2866.36,Personal Care,Toothpaste,Crispo,409.48,225.93,365.0,SUP14,Tiruppur,Express,4734.0,585.0,West,327.0,107.0,7.0,427.0,124.0,7.0,False,31.7,0.0,0.0,0.0,0.0,0.0,0,7,61.0,61.0,0,Monday,8,33,0
2026-08-10,S006,P016,5,129.18,0.0,1,1,645.9000000000001,Personal Care,Toothpaste,PureLife,129.18,105.84,180.0,SUP03,Tiruppur,Express,4734.0,585.0,West,97.0,128.0,5.0,220.0,105.0,3.0,False,31.7,0.0,0.0,0.0,0.0,0.0,0,5,44.0,44.0,0,Monday,8,33,0
2026-08-10,S009,P014,5,212.93,0.0,0,1,1064.65,Beverages,Energy Drink,NovaFresh,212.93,169.69,60.0,SUP09,Erode,Express,5119.0,913.0,West,70.0,105.0,5.0,170.0,61.0,3.0,False,29.6,7.6,0.0,0.0,0.0,0.0,0,5,34.0,34.0,0,Monday,8,33,0
2026-08-10,S017,P013,6,172.44,20.0,1,1,1034.6399999999999,Grocery,Oil,HomePlus,215.55,122.4,365.0,SUP11,Tiruppur,Express,5674.0,686.0,West,128.0,161.0,6.0,283.0,162.0,5.0,False,31.7,0.0,0.0,0.0,0.0,0.0,0,6,47.166666666666664,47.166666666666664,0,Monday,8,33,0
2026-08-10,S018,P028,5,121.35,15.0,1,1,606.75,Personal Care,Shampoo,Aavin,142.76,80.99,240.0,SUP18,Bengaluru,Supermarket,10012.0,1735.0,South,145.0,70.0,5.0,210.0,179.0,1.0,False,34.05,3.5,0.0,0.0,0.0,0.0,0,5,42.0,42.0,0,Monday,8,33,0
2026-08-11,S003,P008,7,299.24,0.0,0,1,2094.6800000000003,Snacks,Namkeen,Aavin,299.24,221.51,365.0,SUP08,Erode,Hypermarket,18029.0,3086.0,West,394.0,74.0,7.0,461.0,98.0,5.0,False,34.9,0.0,0.0,0.0,0.0,0.0,0,7,65.85714285714286,65.85714285714286,1,Tuesday,8,33,0
2026-08-11,S004,P016,5,129.18,0.0,0,1,645.9000000000001,Personal Care,Toothpaste,PureLife,129.18,105.84,180.0,SUP03,Bengaluru,Hypermarket,15060.0,2340.0,South,64.0,59.0,5.0,118.0,53.0,2.0,False,30.4,0.0,1.0,1.0,0.0,0.0,0,5,23.6,23.6,1,Tuesday,8,33,0
2026-08-11,S012,P009,6,492.98,0.0,0,1,2957.88,Grocery,Oil,FizzUp,492.98,384.99,180.0,SUP09,Unknowncity,Supermarket,5550.0,841.0,West,390.0,101.0,6.0,485.0,99.0,4.0,False,,,,,,,0,6,80.83333333333333,80.83333333333333,1,Tuesday,8,33,0
2026-08-11,S012,P027,8,363.65,0.0,1,1,2909.2,Grocery,Pulses,CoolBite,363.65,239.18,180.0,SUP17,Unknowncity,Supermarket,5550.0,841.0,West,297.0,178.0,8.0,467.0,38.0,3.0,False,,,,,,,0,8,58.375,58.375,1,Tuesday,8,33,0
2026-08-11,S013,P023,2,257.09,0.0,0,1,514.18,Dairy,Butter,CoolBite,257.09,149.16,180.0,SUP10,,,,,,397.0,30.0,2.0,425.0,88.0,4.0,False,,,,,,,0,2,212.5,212.5,1,Tuesday,8,33,0
2026-08-11,S013,P030,7,58.66,0.0,0,1,410.62,Dairy,Butter,NovaFresh,58.66,36.03,60.0,SUP18,,,,,,435.0,47.0,7.0,475.0,34.0,5.0,False,,,,,,,0,7,67.85714285714286,67.85714285714286,1,Tuesday,8,33,0
2026-08-11,S014,P006,9,195.52,0.0,1,1,1759.68,Beverages,Shampoo,FreshHome,195.52,125.69,730.0,SUP02,,,,,,157.0,49.0,9.0,197.0,164.0,6.0,False,,,,,,,0,9,21.88888888888889,21.88888888888889,1,Tuesday,8,33,0
2026-08-11,S016,P012,9,350.19,0.0,0,1,3151.71,Frozen,Frozen Snacks,Aavin,350.19,272.3,60.0,SUP02,Salem,Supermarket,5212.0,729.0,Central,205.0,113.0,9.0,309.0,190.0,2.0,False,29.9,3.7,0.0,0.0,0.0,0.0,0,9,34.333333333333336,34.333333333333336,1,Tuesday,8,33,0
2026-08-11,S017,P007,7,279.71,0.0,1,1,1957.9699999999998,Beverages,Frozen Meat,DailyChoice,279.71,227.33,30.0,SUP18,Tiruppur,Express,5674.0,686.0,West,102.0,26.0,7.0,121.0,97.0,5.0,False,35.6,0.0,0.0,0.0,0.0,0.0,0,7,17.285714285714285,17.285714285714285,1,Tuesday,8,33,0
2026-08-11,S017,P017,2,434.02,0.0,0,1,868.04,Grocery,Rice,Crispo,434.02,256.62,730.0,SUP14,Tiruppur,Express,5674.0,686.0,West,208.0,28.0,2.0,234.0,193.0,4.0,False,35.6,0.0,0.0,0.0,0.0,0.0,0,2,117.0,117.0,1,Tuesday,8,33,0
2026-08-11,S020,P022,8,87.84,10.0,1,1,702.72,,,,,,,,Madurai,Express,5819.0,899.0,South,431.0,59.0,8.0,482.0,166.0,4.0,False,,,,,,,0,8,60.25,60.25,1,Tuesday,8,33,0
2026-08-12,S001,P011,3,278.72,0.0,0,1,836.1600000000001,Household,Cleaner,NovaFresh,278.72,171.72,180.0,SUP09,Trichy,Express,4439.0,534.0,Central,180.0,142.0,3.0,319.0,140.0,7.0,False,28.6,2.5,0.0,0.0,0.0,1.0,0,3,106.33333333333333,106.33333333333333,2,Wednesday,8,33,0
2026-08-12,S001,P018,3,207.76,0.0,0,1,623.28,Household,Detergent,NovaFresh,207.76,147.69,240.0,SUP09,Trichy,Express,4439.0,534.0,Central,427.0,18.0,3.0,442.0,33.0,2.0,False,28.6,2.5,0.0,0.0,0.0,1.0,0,3,147.33333333333334,147.33333333333334,2,Wednesday,8,33,0
2026-08-12,S002,P016,11,129.18,0.0,0,1,1420.98,Personal Care,Toothpaste,PureLife,129.18,105.84,180.0,SUP03,Salem,Hypermarket,24793.0,4197.0,Central,277.0,34.0,11.0,300.0,152.0,7.0,True,,,,,,,0,11,27.272727272727273,27.272727272727273,2,Wednesday,8,33,0
2026-08-12,S003,P026,8,150.9,0.0,0,1,1207.2,Household,Cleaner,DailyChoice,150.9,118.54,60.0,SUP18,Erode,Hypermarket,18029.0,3086.0,West,225.0,119.0,8.0,336.0,100.0,7.0,False,26.9,0.7,0.0,1.0,0.0,0.0,0,8,42.0,42.0,2,Wednesday,8,33,0
2026-08-12,S010,P005,10,88.96,10.0,1,1,889.5999999999999,Snacks,Namkeen,CoolBite,98.85,79.92,30.0,SUP03,Coimbatore,Supermarket,10498.0,1355.0,West,139.0,21.0,10.0,150.0,197.0,4.0,False,,,,,,,1,10,15.0,15.0,2,Wednesday,8,33,0
2026-08-12,S014,P011,5,278.72,0.0,0,1,1393.6000000000001,Household,Cleaner,NovaFresh,278.72,171.72,180.0,SUP09,,,,,,358.0,46.0,5.0,399.0,189.0,6.0,False,,,,,,,0,5,79.8,79.8,2,Wednesday,8,33,0
2026-08-12,S015,P017,5,434.02,0.0,0,1,2170.1,Grocery,Rice,Crispo,434.02,256.62,730.0,SUP14,Madurai,Express,3787.0,575.0,South,188.0,143.0,5.0,326.0,175.0,1.0,False,30.450000000000003,2.85,0.0,0.0,0.0,0.0,0,5,65.2,65.2,2,Wednesday,8,33,0
2026-08-12,S018,P016,4,129.18,0.0,0,1,516.72,Personal Care,Toothpaste,PureLife,129.18,105.84,180.0,SUP03,Bengaluru,Supermarket,10012.0,1735.0,South,365.0,39.0,4.0,400.0,125.0,7.0,False,32.7,7.2,1.0,0.0,0.0,0.0,0,4,100.0,100.0,2,Wednesday,8,33,0
2026-08-12,S018,P021,2,266.15,0.0,0,1,532.3,,,,,,,,Bengaluru,Supermarket,10012.0,1735.0,South,354.0,166.0,2.0,518.0,196.0,5.0,False,32.7,7.2,1.0,0.0,0.0,0.0,0,2,259.0,259.0,2,Wednesday,8,33,0
2026-08-13,S003,P012,6,350.19,0.0,1,1,2101.14,Frozen,Frozen Snacks,Aavin,350.19,272.3,60.0,SUP02,Erode,Hypermarket,18029.0,3086.0,West,331.0,39.0,6.0,364.0,145.0,3.0,False,32.1,5.166666666666667,0.0,1.0,0.0,1.0,0,6,60.666666666666664,60.666666666666664,3,Thursday,8,33,0
2026-08-13,S005,P006,8,195.52,0.0,0,1,1564.16,Beverages,Shampoo,FreshHome,195.52,125.69,730.0,SUP02,Erode,Express,5478.0,734.0,West,62.0,1.0,8.0,55.0,177.0,5.0,False,32.1,5.166666666666667,0.0,1.0,0.0,1.0,1,8,6.875,6.875,3,Thursday,8,33,0
2026-08-13,S005,P020,6,77.99,0.0,0,1,467.93999999999994,Grocery,Oil,NovaFresh,77.99,52.05,30.0,SUP09,Erode,Express,5478.0,734.0,West,352.0,33.0,6.0,379.0,177.0,6.0,False,32.1,5.166666666666667,0.0,1.0,0.0,1.0,0,6,63.166666666666664,63.166666666666664,3,Thursday,8,33,0
2026-08-13,S011,P023,6,218.53,15.0,1,1,1311.18,Dairy,Butter,CoolBite,257.09,149.16,180.0,SUP10,Madurai,Supermarket,6169.0,1002.0,South,177.0,25.0,6.0,196.0,99.0,7.0,False,,,,,,,0,6,32.666666666666664,32.666666666666664,3,Thursday,8,33,0
2026-08-13,S012,P022,11,97.6,0.0,0,1,1073.6,,,,,,,,Unknowncity,Supermarket,5550.0,841.0,West,395.0,133.0,11.0,517.0,103.0,6.0,False,,,,,,,0,11,47.0,47.0,3,Thursday,8,33,0
2026-08-13,S012,P027,5,363.65,0.0,0,1,1818.25,Grocery,Pulses,CoolBite,363.65,239.18,180.0,SUP17,Unknowncity,Supermarket,5550.0,841.0,West,321.0,142.0,5.0,458.0,176.0,5.0,False,,,,,,,0,5,91.6,91.6,3,Thursday,8,33,0
2026-08-13,S012,P030,4,58.66,0.0,0,1,234.64,Dairy,Butter,NovaFresh,58.66,36.03,60.0,SUP18,Unknowncity,Supermarket,5550.0,841.0,West,370.0,49.0,4.0,415.0,146.0,4.0,False,,,,,,,0,4,103.75,103.75,3,Thursday,8,33,0
2026-08-13,S015,P009,4,492.98,0.0,0,1,1971.92,Grocery,Oil,FizzUp,492.98,384.99,180.0,SUP09,Madurai,Express,3787.0,575.0,South,270.0,143.0,4.0,409.0,141.0,4.0,False,,,,,,,0,4,102.25,102.25,3,Thursday,8,33,0
2026-08-13,S016,P016,5,129.18,0.0,0,1,645.9000000000001,Personal Care,Toothpaste,PureLife,129.18,105.84,180.0,SUP03,Salem,Supermarket,5212.0,729.0,Central,153.0,130.0,5.0,278.0,101.0,4.0,False,29.9,15.0,0.0,1.0,0.0,0.0,0,5,55.6,55.6,3,Thursday,8,33,0
2026-08-13,S016,P019,8,348.13,0.0,0,1,2785.04,Household,Detergent,PureLife,348.13,202.24,730.0,SUP09,Salem,Supermarket,5212.0,729.0,Central,265.0,71.0,8.0,328.0,145.0,2.0,False,29.9,15.0,0.0,1.0,0.0,0.0,0,8,41.0,41.0,3,Thursday,8,33,0
2026-08-13,S017,P014,4,212.93,0.0,0,1,851.72,Beverages,Energy Drink,NovaFresh,212.93,169.69,60.0,SUP09,Tiruppur,Express,5674.0,686.0,West,417.0,132.0,4.0,545.0,147.0,3.0,False,27.6,0.0,0.0,0.0,0.0,0.0,0,4,136.25,136.25,3,Thursday,8,33,0
2026-08-13,S019,P007,5,279.71,0.0,0,1,1398.55,Beverages,Frozen Meat,DailyChoice,279.71,227.33,30.0,SUP18,Bengaluru,Supermarket,6004.0,636.0,South,265.0,129.0,5.0,389.0,116.0,6.0,False,,,,,,,0,5,77.8,77.8,3,Thursday,8,33,0
2026-08-13,S019,P014,7,212.93,0.0,0,1,1490.51,Beverages,Energy Drink,NovaFresh,212.93,169.69,60.0,SUP09,Bengaluru,Supermarket,6004.0,636.0,South,163.0,133.0,7.0,289.0,159.0,6.0,False,,,,,,,0,7,41.285714285714285,41.285714285714285,3,Thursday,8,33,0
2026-08-14,S002,P018,6,207.76,0.0,0,1,1246.56,Household,Detergent,NovaFresh,207.76,147.69,240.0,SUP09,Salem,Hypermarket,24793.0,4197.0,Central,67.0,126.0,6.0,187.0,85.0,3.0,False,30.925,1.3,0.0,1.0,0.0,1.0,0,6,31.166666666666668,31.166666666666668,4,Friday,8,33,0
2026-08-14,S004,P004,3,409.48,0.0,0,1,1228.44,Personal Care,Toothpaste,Crispo,409.48,225.93,365.0,SUP14,Bengaluru,Hypermarket,15060.0,2340.0,South,311.0,122.0,3.0,430.0,106.0,1.0,False,,,,,,,0,3,143.33333333333334,143.33333333333334,4,Friday,8,33,0
2026-08-14,S006,P004,3,348.06,15.0,1,1,1044.18,Personal Care,Toothpaste,Crispo,409.48,225.93,365.0,SUP14,Tiruppur,Express,4734.0,585.0,West,187.0,41.0,3.0,225.0,195.0,4.0,False,,,,,,,0,3,75.0,75.0,4,Friday,8,33,0
2026-08-14,S009,P017,3,368.92,15.0,1,1,1106.76,Grocery,Rice,Crispo,434.02,256.62,730.0,SUP14,Erode,Express,5119.0,913.0,West,361.0,178.0,3.0,536.0,177.0,1.0,False,35.6,6.4,0.0,0.0,0.0,1.0,0,3,178.66666666666666,178.66666666666666,4,Friday,8,33,0
2026-08-14,S009,P027,2,363.65,0.0,0,1,727.3,Grocery,Pulses,CoolBite,363.65,239.18,180.0,SUP17,Erode,Express,5119.0,913.0,West,187.0,145.0,2.0,330.0,190.0,2.0,False,35.6,6.4,0.0,0.0,0.0,1.0,0,2,165.0,165.0,4,Friday,8,33,0
2026-08-14,S010,P006,5,185.74,5.0,1,1,928.7,Beverages,Shampoo,FreshHome,195.52,125.69,730.0,SUP02,Coimbatore,Supermarket,10498.0,1355.0,West,176.0,22.0,5.0,193.0,143.0,3.0,False,,,,,,,0,5,38.6,38.6,4,Friday,8,33,0
2026-08-14,S013,P013,4,215.55,0.0,0,1,862.2,Grocery,Oil,HomePlus,215.55,122.4,365.0,SUP11,,,,,,134.0,42.0,4.0,172.0,193.0,7.0,False,,,,,,,1,4,43.0,43.0,4,Friday,8,33,0
2026-08-14,S016,P013,7,194.0,10.0,1,1,1358.0,Grocery,Oil,HomePlus,215.55,122.4,365.0,SUP11,Salem,Supermarket,5212.0,729.0,Central,73.0,101.0,7.0,167.0,164.0,7.0,False,30.925,1.3,0.0,1.0,0.0,1.0,0,7,23.857142857142858,23.857142857142858,4,Friday,8,33,0
2026-08-14,S016,P021,5,226.23,15.0,1,1,1131.1499999999999,,,,,,,,Salem,Supermarket,5212.0,729.0,Central,74.0,123.0,5.0,192.0,59.0,3.0,False,30.925,1.3,0.0,1.0,0.0,1.0,0,5,38.4,38.4,4,Friday,8,33,0
2026-08-14,S016,P029,2,28.42,0.0,0,1,56.84,Beverages,Juice,Aavin,28.42,21.06,60.0,SUP03,Salem,Supermarket,5212.0,729.0,Central,153.0,174.0,2.0,325.0,78.0,4.0,False,30.925,1.3,0.0,1.0,0.0,1.0,0,2,162.5,162.5,4,Friday,8,33,0
2026-08-14,S018,P010,3,102.26,0.0,0,1,306.78000000000003,Personal Care,Toothpaste,FreshHome,102.26,66.05,365.0,SUP03,Bengaluru,Supermarket,10012.0,1735.0,South,105.0,63.0,3.0,165.0,70.0,4.0,False,,,,,,,0,3,55.0,55.0,4,Friday,8,33,0
2026-08-14,S019,P016,6,129.18,0.0,0,1,775.08,Personal Care,Toothpaste,PureLife,129.18,105.84,180.0,SUP03,Bengaluru,Supermarket,6004.0,636.0,South,253.0,56.0,6.0,303.0,97.0,1.0,False,,,,,,,0,6,50.5,50.5,4,Friday,8,33,0
2026-08-14,S019,P029,8,28.42,0.0,0,1,227.36,Beverages,Juice,Aavin,28.42,21.06,60.0,SUP03,Bengaluru,Supermarket,6004.0,636.0,South,71.0,32.0,8.0,95.0,90.0,6.0,False,,,,,,,0,8,11.875,11.875,4,Friday,8,33,0
2026-08-15,S002,P002,7,305.48,0.0,0,1,2138.36,Frozen,Ice Cream,FizzUp,305.48,170.64,60.0,SUP08,Salem,Hypermarket,24793.0,4197.0,Central,77.0,72.0,7.0,142.0,182.0,1.0,False,,,,,,,1,7,20.285714285714285,20.285714285714285,5,Saturday,8,33,1
2026-08-15,S002,P009,8,492.98,0.0,0,1,3943.84,Grocery,Oil,FizzUp,492.98,384.99,180.0,SUP09,Salem,Hypermarket,24793.0,4197.0,Central,329.0,108.0,8.0,429.0,152.0,5.0,False,,,,,,,0,8,53.625,53.625,5,Saturday,8,33,1
2026-08-15,S006,P022,8,97.6,0.0,1,1,780.8,,,,,,,,Tiruppur,Express,4734.0,585.0,West,308.0,180.0,8.0,480.0,142.0,5.0,False,31.2,0.0,0.0,1.0,1.0,1.0,0,8,60.0,60.0,5,Saturday,8,33,1
2026-08-15,S009,P007,4,279.71,0.0,0,1,1118.84,Beverages,Frozen Meat,DailyChoice,279.71,227.33,30.0,SUP18,Erode,Express,5119.0,913.0,West,145.0,101.0,4.0,242.0,56.0,1.0,False,33.8,7.5,0.0,0.0,1.0,0.0,0,4,60.5,60.5,5,Saturday,8,33,1
2026-08-15,S012,P024,9,118.5,15.0,1,1,1066.5,Beverages,Soft Drink,FizzUp,139.41,98.03,30.0,SUP16,Unknowncity,Supermarket,5550.0,841.0,West,306.0,43.0,9.0,340.0,86.0,7.0,False,,,,,,,0,9,37.77777777777778,37.77777777777778,5,Saturday,8,33,1
2026-08-15,S013,P004,6,409.48,0.0,0,1,2456.88,Personal Care,Toothpaste,Crispo,409.48,225.93,365.0,SUP14,,,,,,129.0,178.0,6.0,301.0,168.0,2.0,False,,,,,,,0,6,50.166666666666664,50.166666666666664,5,Saturday,8,33,1
2026-08-15,S015,P026,3,150.9,0.0,0,1,452.70000000000005,Household,Cleaner,DailyChoice,150.9,118.54,60.0,SUP18,Madurai,Express,3787.0,575.0,South,197.0,32.0,3.0,226.0,142.0,6.0,False,29.860000000000003,7.2,1.0,1.0,1.0,1.0,0,3,75.33333333333333,75.33333333333333,5,Saturday,8,33,1
2026-08-15,S018,P024,9,139.41,0.0,0,1,1254.69,Beverages,Soft Drink,FizzUp,139.41,98.03,30.0,SUP16,Bengaluru,Supermarket,10012.0,1735.0,South,173.0,94.0,9.0,258.0,50.0,5.0,False,33.5,0.0,0.0,0.0,1.0,0.0,0,9,28.666666666666668,28.666666666666668,5,Saturday,8,33,1
2026-08-16,S003,P001,2,36.88,0.0,0,1,73.76,Frozen,Ice Cream,GlowCare,36.88,23.02,60.0,SUP04,Erode,Hypermarket,18029.0,3086.0,West,274.0,38.0,2.0,310.0,185.0,1.0,False,27.0,7.3,0.0,0.0,1.0,1.0,0,2,155.0,155.0,6,Sunday,8,33,1
2026-08-16,S004,P028,11,142.76,0.0,1,1,1570.36,Personal Care,Shampoo,Aavin,142.76,80.99,240.0,SUP18,Bengaluru,Hypermarket,15060.0,2340.0,South,255.0,50.0,11.0,294.0,67.0,7.0,False,26.9,2.7,0.0,1.0,1.0,0.0,0,11,26.727272727272727,26.727272727272727,6,Sunday,8,33,1
2026-08-16,S005,P003,5,291.59,0.0,0,1,1457.9499999999998,Household,Detergent,PureLife,291.59,216.75,180.0,SUP08,Erode,Express,5478.0,734.0,West,215.0,2.0,5.0,212.0,30.0,5.0,False,27.0,7.3,0.0,0.0,1.0,1.0,0,5,42.4,42.4,6,Sunday,8,33,1
2026-08-16,S005,P021,8,212.92,20.0,1,1,1703.36,,,,,,,,Erode,Express,5478.0,734.0,West,346.0,142.0,8.0,480.0,95.0,3.0,False,27.0,7.3,0.0,0.0,1.0,1.0,0,8,60.0,60.0,6,Sunday,8,33,1
2026-08-16,S007,P019,14,278.5,20.0,1,1,3899.0,Household,Detergent,PureLife,348.13,202.24,730.0,SUP09,Chennai,Supermarket,7686.0,957.0,North,191.0,76.0,14.0,253.0,53.0,5.0,False,29.05,2.975,1.0,0.0,1.0,0.0,0,14,18.071428571428573,18.071428571428573,6,Sunday,8,33,1
2026-08-16,S012,P002,10,290.21,5.0,1,1,2902.1,Frozen,Ice Cream,FizzUp,305.48,170.64,60.0,SUP08,Unknowncity,Supermarket,5550.0,841.0,West,341.0,65.0,10.0,396.0,122.0,4.0,False,,,,,,,0,10,39.6,39.6,6,Sunday,8,33,1
2026-08-16,S012,P017,7,434.02,0.0,1,1,3038.14,Grocery,Rice,Crispo,434.02,256.62,730.0,SUP14,Unknowncity,Supermarket,5550.0,841.0,West,352.0,103.0,7.0,448.0,50.0,2.0,True,,,,,,,0,7,64.0,64.0,6,Sunday,8,33,1
2026-08-16,S012,P030,5,58.66,0.0,0,1,293.29999999999995,Dairy,Butter,NovaFresh,58.66,36.03,60.0,SUP18,Unknowncity,Supermarket,5550.0,841.0,West,262.0,103.0,5.0,360.0,180.0,2.0,False,,,,,,,0,5,72.0,72.0,6,Sunday,8,33,1
2026-08-16,S014,P029,5,28.42,0.0,0,1,142.10000000000002,Beverages,Juice,Aavin,28.42,21.06,60.0,SUP03,,,,,,405.0,9.0,5.0,409.0,122.0,2.0,False,,,,,,,0,5,81.8,81.8,6,Sunday,8,33,1
2026-08-16,S015,P015,9,378.87,0.0,0,1,3409.83,Beverages,Juice,HomePlus,378.87,263.51,180.0,SUP19,Madurai,Express,3787.0,575.0,South,345.0,142.0,9.0,478.0,136.0,6.0,False,,,,,,,0,9,53.111111111111114,53.111111111111114,6,Sunday,8,33,1
2026-08-16,S016,P028,12,114.21,20.0,1,1,1370.52,Personal Care,Shampoo,Aavin,142.76,80.99,240.0,SUP18,Salem,Supermarket,5212.0,729.0,Central,69.0,38.0,12.0,95.0,42.0,5.0,False,35.4,0.0,0.0,0.0,1.0,0.0,0,12,7.916666666666667,7.916666666666667,6,Sunday,8,33,1
2026-08-16,S017,P028,3,142.76,0.0,0,1,428.28,Personal Care,Shampoo,Aavin,142.76,80.99,240.0,SUP18,Tiruppur,Express,5674.0,686.0,West,64.0,45.0,3.0,106.0,137.0,4.0,False,33.400000000000006,0.9,0.0,0.0,1.0,0.0,1,3,35.333333333333336,35.333333333333336,6,Sunday,8,33,1
2026-08-16,S019,P021,4,266.15,0.0,0,1,1064.6,,,,,,,,Bengaluru,Supermarket,6004.0,636.0,South,437.0,51.0,4.0,484.0,90.0,6.0,False,26.9,2.7,0.0,1.0,1.0,0.0,0,4,121.0,121.0,6,Sunday,8,33,1
2026-08-17,S002,P013,8,204.77,5.0,1,1,1638.16,Grocery,Oil,HomePlus,215.55,122.4,365.0,SUP11,Salem,Hypermarket,24793.0,4197.0,Central,245.0,27.0,8.0,264.0,69.0,4.0,False,,,,,,,0,8,33.0,33.0,0,Monday,8,34,0
2026-08-17,S002,P022,6,78.08,20.0,1,1,468.48,,,,,,,,Salem,Hypermarket,24793.0,4197.0,Central,282.0,22.0,6.0,298.0,46.0,3.0,False,,,,,,,0,6,49.666666666666664,49.666666666666664,0,Monday,8,34,0
2026-08-17,S003,P013,4,215.55,0.0,0,1,862.2,Grocery,Oil,HomePlus,215.55,122.4,365.0,SUP11,Erode,Hypermarket,18029.0,3086.0,West,250.0,105.0,4.0,351.0,192.0,4.0,False,25.7,13.4,0.0,0.0,0.0,1.0,0,4,87.75,87.75,0,Monday,8,34,0
2026-08-17,S003,P026,3,150.9,0.0,0,1,452.70000000000005,Household,Cleaner,DailyChoice,150.9,118.54,60.0,SUP18,Erode,Hypermarket,18029.0,3086.0,West,366.0,141.0,3.0,504.0,71.0,1.0,False,25.7,13.4,0.0,0.0,0.0,1.0,0,3,168.0,168.0,0,Monday,8,34,0
2026-08-17,S005,P016,5,109.8,15.0,1,1,549.0,Personal Care,Toothpaste,PureLife,129.18,105.84,180.0,SUP03,Erode,Express,5478.0,734.0,West,219.0,82.0,5.0,296.0,70.0,6.0,False,25.7,13.4,0.0,0.0,0.0,1.0,0,5,59.2,59.2,0,Monday,8,34,0
2026-08-17,S006,P004,5,409.48,0.0,0,1,2047.4,Personal Care,Toothpaste,Crispo,409.48,225.93,365.0,SUP14,Tiruppur,Express,4734.0,585.0,West,77.0,169.0,5.0,241.0,121.0,7.0,False,30.75,3.5999999999999996,1.0,0.0,0.0,0.0,0,5,48.2,48.2,0,Monday,8,34,0
2026-08-17,S015,P016,7,109.8,15.0,1,1,768.6,Personal Care,Toothpaste,PureLife,129.18,105.84,180.0,SUP03,Madurai,Express,3787.0,575.0,South,429.0,16.0,7.0,438.0,198.0,5.0,False,,,,,,,0,7,62.57142857142857,62.57142857142857,0,Monday,8,34,0
2026-08-17,S016,P001,4,36.88,0.0,0,1,147.52,Frozen,Ice Cream,GlowCare,36.88,23.02,60.0,SUP04,Salem,Supermarket,5212.0,729.0,Central,119.0,131.0,4.0,246.0,95.0,5.0,False,,,,,,,0,4,61.5,61.5,0,Monday,8,34,0
2026-08-17,S017,P026,1,150.9,0.0,0,1,150.9,Household,Cleaner,DailyChoice,150.9,118.54,60.0,SUP18,Tiruppur,Express,5674.0,686.0,West,82.0,178.0,1.0,259.0,165.0,4.0,False,30.75,3.5999999999999996,1.0,0.0,0.0,0.0,0,1,259.0,259.0,0,Monday,8,34,0
2026-08-17,S018,P023,8,257.09,0.0,0,1,2056.72,Dairy,Butter,CoolBite,257.09,149.16,180.0,SUP10,Bengaluru,Supermarket,10012.0,1735.0,South,357.0,176.0,8.0,525.0,151.0,6.0,False,30.3,4.2,0.0,0.0,0.0,0.0,0,8,65.625,65.625,0,Monday,8,34,0
2026-08-17,S020,P017,7,412.32,5.0,1,1,2886.24,Grocery,Rice,Crispo,434.02,256.62,730.0,SUP14,Madurai,Express,5819.0,899.0,South,362.0,17.0,7.0,372.0,88.0,4.0,False,,,,,,,0,7,53.142857142857146,53.142857142857146,0,Monday,8,34,0
2026-08-18,S002,P001,5,36.88,0.0,0,1,184.4,Frozen,Ice Cream,GlowCare,36.88,23.02,60.0,SUP04,Salem,Hypermarket,24793.0,4197.0,Central,390.0,88.0,5.0,473.0,142.0,6.0,False,26.0,11.1,0.0,0.0,0.0,0.0,0,5,94.6,94.6,1,Tuesday,8,34,0
2026-08-18,S007,P009,7,492.98,0.0,0,1,3450.86,Grocery,Oil,FizzUp,492.98,384.99,180.0,SUP09,Chennai,Supermarket,7686.0,957.0,North,405.0,117.0,7.0,515.0,200.0,4.0,False,27.2,4.25,0.0,0.0,0.0,1.0,0,7,73.57142857142857,73.57142857142857,1,Tuesday,8,34,0
2026-08-18,S009,P005,6,79.08,20.0,1,1,474.48,Snacks,Namkeen,CoolBite,98.85,79.92,30.0,SUP03,Erode,Express,5119.0,913.0,West,210.0,138.0,6.0,342.0,155.0,2.0,False,32.8,4.75,0.0,0.0,0.0,1.0,0,6,57.0,57.0,1,Tuesday,8,34,0
2026-08-18,S010,P001,5,36.88,0.0,0,1,184.4,Frozen,Ice Cream,GlowCare,36.88,23.02,60.0,SUP04,Coimbatore,Supermarket,10498.0,1355.0,West,246.0,158.0,5.0,399.0,91.0,3.0,False,,,,,,,0,5,79.8,79.8,1,Tuesday,8,34,0
2026-08-18,S012,P012,6,350.19,0.0,1,1,2101.14,Frozen,Frozen Snacks,Aavin,350.19,272.3,60.0,SUP02,Unknowncity,Supermarket,5550.0,841.0,West,170.0,65.0,6.0,229.0,151.0,7.0,False,,,,,,,0,6,38.166666666666664,38.166666666666664,1,Tuesday,8,34,0
2026-08-18,S012,P025,10,489.54,0.0,1,1,4895.400000000001,Grocery,Rice,Crispo,489.54,339.66,60.0,SUP16,Unknowncity,Supermarket,5550.0,841.0,West,341.0,157.0,10.0,488.0,43.0,2.0,False,,,,,,,0,10,48.8,48.8,1,Tuesday,8,34,0
2026-08-18,S013,P006,9,195.52,0.0,0,1,1759.68,Beverages,Shampoo,FreshHome,195.52,125.69,730.0,SUP02,,,,,,173.0,147.0,9.0,311.0,62.0,1.0,False,,,,,,,0,9,34.55555555555556,34.55555555555556,1,Tuesday,8,34,0
2026-08-18,S014,P021,10,266.15,0.0,0,1,2661.5,,,,,,,,,,,,,204.0,82.0,10.0,276.0,134.0,6.0,False,,,,,,,0,10,27.6,27.6,1,Tuesday,8,34,0
2026-08-18,S014,P025,9,489.54,0.0,0,1,4405.860000000001,Grocery,Rice,Crispo,489.54,339.66,60.0,SUP16,,,,,,411.0,44.0,9.0,446.0,147.0,1.0,False,,,,,,,0,9,49.55555555555556,49.55555555555556,1,Tuesday,8,34,0
2026-08-18,S016,P021,6,266.15,0.0,0,1,1596.8999999999999,,,,,,,,Salem,Supermarket,5212.0,729.0,Central,140.0,136.0,6.0,270.0,183.0,4.0,False,26.0,11.1,0.0,0.0,0.0,0.0,0,6,45.0,45.0,1,Tuesday,8,34,0
2026-08-19,S003,P010,4,102.26,0.0,0,1,409.04,Personal Care,Toothpaste,FreshHome,102.26,66.05,365.0,SUP03,Erode,Hypermarket,18029.0,3086.0,West,126.0,154.0,4.0,276.0,168.0,7.0,False,31.166666666666668,8.333333333333334,0.0,1.0,0.0,1.0,0,4,69.0,69.0,2,Wednesday,8,34,0
2026-08-19,S004,P017,14,347.22,20.0,1,1,4861.08,Grocery,Rice,Crispo,434.02,256.62,730.0,SUP14,Bengaluru,Hypermarket,15060.0,2340.0,South,217.0,147.0,14.0,350.0,118.0,7.0,False,32.1,4.85,0.0,0.0,0.0,0.0,0,14,25.0,25.0,2,Wednesday,8,34,0
2026-08-19,S005,P025,5,440.59,10.0,1,1,2202.95,Grocery,Rice,Crispo,489.54,339.66,60.0,SUP16,Erode,Express,5478.0,734.0,West,348.0,123.0,5.0,466.0,92.0,7.0,False,31.166666666666668,8.333333333333334,0.0,1.0,0.0,1.0,0,5,93.2,93.2,2,Wednesday,8,34,0
2026-08-19,S006,P024,5,139.41,0.0,0,1,697.05,Beverages,Soft Drink,FizzUp,139.41,98.03,30.0,SUP16,Tiruppur,Express,4734.0,585.0,West,122.0,64.0,5.0,181.0,153.0,6.0,False,,,,,,,0,5,36.2,36.2,2,Wednesday,8,34,0
2026-08-19,S009,P030,8,58.66,0.0,0,1,469.28,Dairy,Butter,NovaFresh,58.66,36.03,60.0,SUP18,Erode,Express,5119.0,913.0,West,365.0,14.0,8.0,371.0,74.0,6.0,False,31.166666666666668,8.333333333333334,0.0,1.0,0.0,1.0,0,8,46.375,46.375,2,Wednesday,8,34,0
2026-08-19,S016,P030,7,58.66,0.0,0,1,410.62,Dairy,Butter,NovaFresh,58.66,36.03,60.0,SUP18,Salem,Supermarket,5212.0,729.0,Central,432.0,10.0,7.0,435.0,170.0,5.0,False,32.0,7.699999999999999,1.0,0.0,0.0,1.0,0,7,62.142857142857146,62.142857142857146,2,Wednesday,8,34,0
2026-08-19,S017,P026,4,150.9,0.0,0,1,603.6,Household,Cleaner,DailyChoice,150.9,118.54,60.0,SUP18,Tiruppur,Express,5674.0,686.0,West,235.0,93.0,4.0,324.0,77.0,4.0,False,,,,,,,0,4,81.0,81.0,2,Wednesday,8,34,0
2026-08-19,S019,P006,2,175.97,10.0,1,1,351.94,Beverages,Shampoo,FreshHome,195.52,125.69,730.0,SUP02,Bengaluru,Supermarket,6004.0,636.0,South,264.0,145.0,2.0,407.0,85.0,6.0,False,32.1,4.85,0.0,0.0,0.0,0.0,0,2,203.5,203.5,2,Wednesday,8,34,0
2026-08-19,S019,P019,1,348.13,0.0,0,1,348.13,Household,Detergent,PureLife,348.13,202.24,730.0,SUP09,Bengaluru,Supermarket,6004.0,636.0,South,277.0,53.0,1.0,329.0,137.0,6.0,False,32.1,4.85,0.0,0.0,0.0,0.0,0,1,329.0,329.0,2,Wednesday,8,34,0
2026-08-19,S019,P022,1,97.6,0.0,0,1,97.6,,,,,,,,Bengaluru,Supermarket,6004.0,636.0,South,348.0,139.0,1.0,486.0,84.0,4.0,False,32.1,4.85,0.0,0.0,0.0,0.0,0,1,486.0,486.0,2,Wednesday,8,34,0
2026-08-20,S001,P017,10,434.02,0.0,0,1,4340.2,Grocery,Rice,Crispo,434.02,256.62,730.0,SUP14,Trichy,Express,4439.0,534.0,Central,139.0,24.0,10.0,153.0,39.0,4.0,False,30.900000000000002,2.766666666666667,0.0,1.0,0.0,0.0,0,10,15.3,15.3,3,Thursday,8,34,0
2026-08-20,S002,P001,2,36.88,0.0,0,1,73.76,Frozen,Ice Cream,GlowCare,36.88,23.02,60.0,SUP04,Salem,Hypermarket,24793.0,4197.0,Central,378.0,125.0,2.0,501.0,78.0,3.0,False,29.700000000000003,2.4,0.0,0.0,0.0,0.0,0,2,250.5,250.5,3,Thursday,8,34,0
2026-08-20,S003,P007,3,279.71,0.0,0,1,839.1299999999999,Beverages,Frozen Meat,DailyChoice,279.71,227.33,30.0,SUP18,Erode,Hypermarket,18029.0,3086.0,West,438.0,38.0,3.0,473.0,151.0,7.0,False,,,,,,,0,3,157.66666666666666,157.66666666666666,3,Thursday,8,34,0
2026-08-20,S003,P010,5,102.26,0.0,0,1,511.3,Personal Care,Toothpaste,FreshHome,102.26,66.05,365.0,SUP03,Erode,Hypermarket,18029.0,3086.0,West,258.0,168.0,5.0,421.0,155.0,5.0,False,,,,,,,0,5,84.2,84.2,3,Thursday,8,34,0
2026-08-20,S006,P025,7,489.54,0.0,0,1,3426.78,Grocery,Rice,Crispo,489.54,339.66,60.0,SUP16,Tiruppur,Express,4734.0,585.0,West,431.0,82.0,7.0,506.0,185.0,2.0,False,27.85,11.9,0.0,1.0,0.0,0.0,0,7,72.28571428571429,72.28571428571429,3,Thursday,8,34,0
2026-08-20,S008,P009,4,492.98,0.0,0,1,1971.92,Grocery,Oil,FizzUp,492.98,384.99,180.0,SUP09,Tiruppur,Supermarket,10650.0,1446.0,West,401.0,55.0,4.0,452.0,58.0,2.0,False,27.85,11.9,0.0,1.0,0.0,0.0,0,4,113.0,113.0,3,Thursday,8,34,0
2026-08-20,S008,P015,3,378.87,0.0,0,1,1136.6100000000001,Beverages,Juice,HomePlus,378.87,263.51,180.0,SUP19,Tiruppur,Supermarket,10650.0,1446.0,West,334.0,108.0,3.0,439.0,174.0,3.0,False,27.85,11.9,0.0,1.0,0.0,0.0,0,3,146.33333333333334,146.33333333333334,3,Thursday,8,34,0
2026-08-20,S013,P025,6,489.54,0.0,0,1,2937.2400000000002,Grocery,Rice,Crispo,489.54,339.66,60.0,SUP16,,,,,,276.0,160.0,6.0,430.0,91.0,5.0,False,,,,,,,0,6,71.66666666666667,71.66666666666667,3,Thursday,8,34,0
2026-08-20,S016,P023,6,218.53,15.0,1,1,1311.18,Dairy,Butter,CoolBite,257.09,149.16,180.0,SUP10,Salem,Supermarket,5212.0,729.0,Central,139.0,27.0,6.0,160.0,60.0,1.0,False,29.700000000000003,2.4,0.0,0.0,0.0,0.0,0,6,26.666666666666668,26.666666666666668,3,Thursday,8,34,0
2026-08-20,S020,P016,8,129.18,0.0,0,1,1033.44,Personal Care,Toothpaste,PureLife,129.18,105.84,180.0,SUP03,Madurai,Express,5819.0,899.0,South,101.0,37.0,8.0,130.0,44.0,3.0,False,,,,,,,0,8,16.25,16.25,3,Thursday,8,34,0
2026-08-20,S020,P021,5,239.54,10.0,1,1,1197.7,,,,,,,,Madurai,Express,5819.0,899.0,South,275.0,79.0,5.0,349.0,157.0,3.0,False,,,,,,,0,5,69.8,69.8,3,Thursday,8,34,0
2026-08-20,S020,P023,3,205.67,20.0,1,1,617.01,Dairy,Butter,CoolBite,257.09,149.16,180.0,SUP10,Madurai,Express,5819.0,899.0,South,443.0,162.0,3.0,602.0,174.0,4.0,False,,,,,,,0,3,200.66666666666666,200.66666666666666,3,Thursday,8,34,0
2026-08-20,S020,P029,10,28.42,0.0,0,1,284.20000000000005,Beverages,Juice,Aavin,28.42,21.06,60.0,SUP03,Madurai,Express,5819.0,899.0,South,212.0,50.0,10.0,252.0,122.0,1.0,False,,,,,,,0,10,25.2,25.2,3,Thursday,8,34,0
2026-08-21,S005,P010,1,102.26,0.0,0,1,102.26,Personal Care,Toothpaste,FreshHome,102.26,66.05,365.0,SUP03,Erode,Express,5478.0,734.0,West,85.0,93.0,1.0,177.0,86.0,5.0,False,,,,,,,0,1,177.0,177.0,4,Friday,8,34,0
2026-08-21,S009,P025,2,489.54,0.0,0,1,979.08,Grocery,Rice,Crispo,489.54,339.66,60.0,SUP16,Erode,Express,5119.0,913.0,West,226.0,121.0,2.0,345.0,149.0,7.0,False,,,,,,,0,2,172.5,172.5,4,Friday,8,34,0
2026-08-21,S009,P027,3,363.65,0.0,0,1,1090.9499999999998,Grocery,Pulses,CoolBite,363.65,239.18,180.0,SUP17,Erode,Express,5119.0,913.0,West,325.0,34.0,3.0,356.0,107.0,1.0,False,,,,,,,0,3,118.66666666666667,118.66666666666667,4,Friday,8,34,0
2026-08-21,S010,P018,10,207.76,0.0,0,1,2077.6,Household,Detergent,NovaFresh,207.76,147.69,240.0,SUP09,Coimbatore,Supermarket,10498.0,1355.0,West,158.0,64.0,10.0,212.0,127.0,7.0,False,26.6,0.0,0.0,0.0,0.0,0.0,0,10,21.2,21.2,4,Friday,8,34,0
2026-08-21,S013,P014,5,202.28,5.0,1,1,1011.4,Beverages,Energy Drink,NovaFresh,212.93,169.69,60.0,SUP09,,,,,,126.0,45.0,5.0,166.0,38.0,2.0,False,,,,,,,0,5,33.2,33.2,4,Friday,8,34,0
2026-08-21,S015,P026,6,120.72,20.0,1,1,724.3199999999999,Household,Cleaner,DailyChoice,150.9,118.54,60.0,SUP18,Madurai,Express,3787.0,575.0,South,313.0,112.0,6.0,419.0,32.0,2.0,False,,,,,,,0,6,69.83333333333333,69.83333333333333,4,Friday,8,34,0
2026-08-21,S018,P026,7,143.35,5.0,1,1,1003.4499999999999,Household,Cleaner,DailyChoice,150.9,118.54,60.0,SUP18,Bengaluru,Supermarket,10012.0,1735.0,South,201.0,102.0,7.0,296.0,120.0,6.0,False,,,,,,,0,7,42.285714285714285,42.285714285714285,4,Friday,8,34,0
2026-08-21,S019,P004,6,409.48,0.0,0,1,2456.88,Personal Care,Toothpaste,Crispo,409.48,225.93,365.0,SUP14,Bengaluru,Supermarket,6004.0,636.0,South,334.0,2.0,6.0,330.0,97.0,2.0,False,,,,,,,0,6,55.0,55.0,4,Friday,8,34,0
2026-08-22,S001,P016,11,129.18,0.0,1,1,1420.98,Personal Care,Toothpaste,PureLife,129.18,105.84,180.0,SUP03,Trichy,Express,4439.0,534.0,Central,379.0,179.0,11.0,547.0,181.0,3.0,False,32.35,11.700000000000001,0.0,0.0,1.0,0.0,0,11,49.72727272727273,49.72727272727273,5,Saturday,8,34,1
2026-08-22,S004,P021,6,266.15,0.0,0,1,1596.8999999999999,,,,,,,,Bengaluru,Hypermarket,15060.0,2340.0,South,336.0,69.0,6.0,399.0,170.0,4.0,False,33.0,0.0,0.0,0.0,1.0,0.0,0,6,66.5,66.5,5,Saturday,8,34,1
2026-08-22,S005,P003,4,291.59,0.0,0,1,1166.36,Household,Detergent,PureLife,291.59,216.75,180.0,SUP08,Erode,Express,5478.0,734.0,West,170.0,114.0,4.0,280.0,185.0,4.0,False,34.5,5.7,1.0,0.0,1.0,0.0,0,4,70.0,70.0,5,Saturday,8,34,1
2026-08-22,S008,P016,8,129.18,0.0,0,1,1033.44,Personal Care,Toothpaste,PureLife,129.18,105.84,180.0,SUP03,Tiruppur,Supermarket,10650.0,1446.0,West,376.0,115.0,8.0,483.0,99.0,6.0,False,27.9,0.0,0.0,0.0,1.0,0.0,0,8,60.375,60.375,5,Saturday,8,34,1
2026-08-22,S014,P006,4,195.52,0.0,0,1,782.08,Beverages,Shampoo,FreshHome,195.52,125.69,730.0,SUP02,,,,,,77.0,153.0,4.0,226.0,160.0,5.0,False,,,,,,,0,4,56.5,56.5,5,Saturday,8,34,1
2026-08-22,S018,P028,8,121.35,15.0,1,1,970.8,Personal Care,Shampoo,Aavin,142.76,80.99,240.0,SUP18,Bengaluru,Supermarket,10012.0,1735.0,South,334.0,27.0,8.0,353.0,62.0,4.0,False,33.0,0.0,0.0,0.0,1.0,0.0,0,8,44.125,44.125,5,Saturday,8,34,1
2026-08-22,S019,P004,6,409.48,0.0,0,1,2456.88,Personal Care,Toothpaste,Crispo,409.48,225.93,365.0,SUP14,Bengaluru,Supermarket,6004.0,636.0,South,166.0,121.0,6.0,281.0,129.0,6.0,False,33.0,0.0,0.0,0.0,1.0,0.0,0,6,46.833333333333336,46.833333333333336,5,Saturday,8,34,1
2026-08-23,S001,P010,6,102.26,0.0,0,1,613.5600000000001,Personal Care,Toothpaste,FreshHome,102.26,66.05,365.0,SUP03,Trichy,Express,4439.0,534.0,Central,,,,,,,,27.8,5.9,1.0,0.0,1.0,0.0,0,6,0.0,0.0,6,Sunday,8,34,1
2026-08-23,S002,P030,6,58.66,0.0,0,1,351.96,Dairy,Butter,NovaFresh,58.66,36.03,60.0,SUP18,Salem,Hypermarket,24793.0,4197.0,Central,179.0,81.0,6.0,254.0,172.0,7.0,False,34.7,12.2,0.0,0.0,1.0,0.0,0,6,42.333333333333336,42.333333333333336,6,Sunday,8,34,1
2026-08-23,S004,P022,10,78.08,20.0,1,1,780.8,,,,,,,,Bengaluru,Hypermarket,15060.0,2340.0,South,247.0,149.0,10.0,386.0,93.0,2.0,False,28.066666666666666,1.4333333333333333,0.0,0.0,1.0,1.0,0,10,38.6,38.6,6,Sunday,8,34,1
2026-08-23,S005,P002,11,305.48,0.0,1,1,3360.28,Frozen,Ice Cream,FizzUp,305.48,170.64,60.0,SUP08,Erode,Express,5478.0,734.0,West,350.0,47.0,11.0,386.0,169.0,3.0,False,30.8,8.6,0.0,0.0,1.0,0.0,0,11,35.09090909090909,35.09090909090909,6,Sunday,8,34,1
2026-08-23,S006,P025,10,489.54,0.0,1,1,4895.400000000001,Grocery,Rice,Crispo,489.54,339.66,60.0,SUP16,Tiruppur,Express,4734.0,585.0,West,188.0,179.0,10.0,357.0,50.0,2.0,False,31.049999999999997,5.7,0.0,0.0,1.0,1.0,0,10,35.7,35.7,6,Sunday,8,34,1
2026-08-23,S009,P003,14,291.59,0.0,1,1,4082.2599999999998,Household,Detergent,PureLife,291.59,216.75,180.0,SUP08,Erode,Express,5119.0,913.0,West,346.0,142.0,14.0,474.0,153.0,3.0,False,30.8,8.6,0.0,0.0,1.0,0.0,0,14,33.857142857142854,33.857142857142854,6,Sunday,8,34,1
2026-08-23,S010,P022,6,97.6,0.0,0,1,585.5999999999999,,,,,,,,Coimbatore,Supermarket,10498.0,1355.0,West,262.0,62.0,6.0,318.0,32.0,1.0,False,,,,,,,0,6,53.0,53.0,6,Sunday,8,34,1
2026-08-23,S012,P019,5,348.13,0.0,0,1,1740.65,Household,Detergent,PureLife,348.13,202.24,730.0,SUP09,Unknowncity,Supermarket,5550.0,841.0,West,268.0,129.0,5.0,392.0,57.0,5.0,False,,,,,,,0,5,78.4,78.4,6,Sunday,8,34,1
2026-08-23,S013,P019,6,348.13,0.0,1,1,2088.7799999999997,Household,Detergent,PureLife,348.13,202.24,730.0,SUP09,,,,,,233.0,117.0,6.0,344.0,147.0,5.0,False,,,,,,,0,6,57.333333333333336,57.333333333333336,6,Sunday,8,34,1
2026-08-23,S014,P008,6,299.24,0.0,0,1,1795.44,Snacks,Namkeen,Aavin,299.24,221.51,365.0,SUP08,,,,,,120.0,133.0,6.0,247.0,31.0,4.0,False,,,,,,,0,6,41.166666666666664,41.166666666666664,6,Sunday,8,34,1
2026-08-24,S001,P023,6,257.09,0.0,0,1,1542.54,Dairy,Butter,CoolBite,257.09,149.16,180.0,SUP10,Trichy,Express,4439.0,534.0,Central,172.0,173.0,6.0,339.0,88.0,7.0,False,25.2,0.7,0.0,0.0,0.0,0.0,0,6,56.5,56.5,0,Monday,8,35,0
2026-08-24,S003,P012,5,350.19,0.0,0,1,1750.95,Frozen,Frozen Snacks,Aavin,350.19,272.3,60.0,SUP02,Erode,Hypermarket,18029.0,3086.0,West,63.0,140.0,5.0,198.0,125.0,2.0,False,,,,,,,0,5,39.6,39.6,0,Monday,8,35,0
2026-08-24,S003,P018,7,207.76,0.0,0,1,1454.32,Household,Detergent,NovaFresh,207.76,147.69,240.0,SUP09,Erode,Hypermarket,18029.0,3086.0,West,163.0,63.0,7.0,219.0,188.0,3.0,False,,,,,,,0,7,31.285714285714285,31.285714285714285,0,Monday,8,35,0
2026-08-24,S005,P016,8,129.18,0.0,0,1,1033.44,Personal Care,Toothpaste,PureLife,129.18,105.84,180.0,SUP03,Erode,Express,5478.0,734.0,West,373.0,177.0,8.0,542.0,99.0,3.0,False,,,,,,,0,8,67.75,67.75,0,Monday,8,35,0
2026-08-24,S009,P024,7,139.41,0.0,0,1,975.87,Beverages,Soft Drink,FizzUp,139.41,98.03,30.0,SUP16,Erode,Express,5119.0,913.0,West,235.0,58.0,7.0,286.0,110.0,3.0,False,,,,,,,0,7,40.857142857142854,40.857142857142854,0,Monday,8,35,0
2026-08-24,S010,P004,7,409.48,0.0,1,1,2866.36,Personal Care,Toothpaste,Crispo,409.48,225.93,365.0,SUP14,Coimbatore,Supermarket,10498.0,1355.0,West,345.0,123.0,7.0,461.0,75.0,3.0,False,30.099999999999998,6.566666666666667,0.0,0.0,0.0,1.0,0,7,65.85714285714286,65.85714285714286,0,Monday,8,35,0
2026-08-24,S012,P007,5,279.71,0.0,0,1,1398.55,Beverages,Frozen Meat,DailyChoice,279.71,227.33,30.0,SUP18,Unknowncity,Supermarket,5550.0,841.0,West,387.0,15.0,5.0,397.0,122.0,5.0,False,,,,,,,0,5,79.4,79.4,0,Monday,8,35,0
2026-08-24,S020,P003,5,291.59,0.0,0,1,1457.9499999999998,Household,Detergent,PureLife,291.59,216.75,180.0,SUP08,Madurai,Express,5819.0,899.0,South,114.0,124.0,5.0,233.0,79.0,1.0,False,,,,,,,0,5,46.6,46.6,0,Monday,8,35,0
2026-08-24,S020,P007,7,279.71,0.0,0,1,1957.9699999999998,Beverages,Frozen Meat,DailyChoice,279.71,227.33,30.0,SUP18,Madurai,Express,5819.0,899.0,South,430.0,34.0,7.0,457.0,94.0,1.0,False,,,,,,,0,7,65.28571428571429,65.28571428571429,0,Monday,8,35,0
2026-08-25,S001,P028,5,142.76,0.0,0,1,713.8,Personal Care,Shampoo,Aavin,142.76,80.99,240.0,SUP18,Trichy,Express,4439.0,534.0,Central,411.0,87.0,5.0,493.0,146.0,5.0,False,31.1,7.550000000000001,1.0,1.0,0.0,1.0,0,5,98.6,98.6,1,Tuesday,8,35,0
2026-08-25,S003,P005,7,98.85,0.0,0,1,691.9499999999999,Snacks,Namkeen,CoolBite,98.85,79.92,30.0,SUP03,Erode,Hypermarket,18029.0,3086.0,West,92.0,121.0,7.0,206.0,170.0,1.0,False,27.8,5.9,0.0,0.0,0.0,1.0,0,7,29.428571428571427,29.428571428571427,1,Tuesday,8,35,0
2026-08-25,S007,P024,2,139.41,0.0,0,1,278.82,Beverages,Soft Drink,FizzUp,139.41,98.03,30.0,SUP16,Chennai,Supermarket,7686.0,957.0,North,373.0,70.0,2.0,441.0,131.0,7.0,False,27.4,17.5,0.0,0.0,0.0,1.0,0,2,220.5,220.5,1,Tuesday,8,35,0
2026-08-25,S008,P029,10,22.74,20.0,1,1,227.39999999999998,Beverages,Juice,Aavin,28.42,21.06,60.0,SUP03,Tiruppur,Supermarket,10650.0,1446.0,West,437.0,114.0,10.0,541.0,50.0,4.0,False,,,,,,,0,10,54.1,54.1,1,Tuesday,8,35,0
2026-08-25,S015,P027,14,309.1,15.0,1,1,4327.400000000001,Grocery,Pulses,CoolBite,363.65,239.18,180.0,SUP17,Madurai,Express,3787.0,575.0,South,158.0,5.0,14.0,149.0,126.0,3.0,False,30.15,2.6999999999999997,0.0,1.0,0.0,0.0,0,14,10.642857142857142,10.642857142857142,1,Tuesday,8,35,0
2026-08-25,S018,P002,8,305.48,0.0,0,1,2443.84,Frozen,Ice Cream,FizzUp,305.48,170.64,60.0,SUP08,Bengaluru,Supermarket,10012.0,1735.0,South,242.0,165.0,8.0,399.0,69.0,6.0,False,,,,,,,0,8,49.875,49.875,1,Tuesday,8,35,0
2026-08-25,S019,P024,11,139.41,0.0,0,2,1533.51,Beverages,Soft Drink,FizzUp,139.41,98.03,30.0,SUP16,Bengaluru,Supermarket,6004.0,636.0,South,156.0,17.0,6.0,167.0,76.0,2.0,False,,,,,,,0,11,15.181818181818182,15.181818181818182,1,Tuesday,8,35,0
