store_id,city,store_type,floor_area_sqft,avg_daily_customers,region
S001,Trichy,Express,4439,534,Central
S002,Salem,Hypermarket,24793,4197,Central
S003,Erode,Hypermarket,18029,3086,West
S004,Bengaluru,Hypermarket,15060,2340,South
S005,Erode,Express,5478,734,West
S006,Tiruppur,Express,4734,585,West
S007,Chennai,Supermarket,7686,957,North
S008,Tiruppur,Supermarket,10650,1446,West
S009,Erode,Express,5119,913,West
S010,Coimbatore,Supermarket,10498,1355,West
S011,Madurai,Supermarket,6169,1002,South
S012,Unknowncity,Supermarket,5550,841,West
S015,Madurai,Express,3787,575,South
S016,Salem,Supermarket,5212,729,Central
S017,Tiruppur,Express,5674,686,West
S018,Bengaluru,Supermarket,10012,1735,South
S019,Bengaluru,Supermarket,6004,636,South
S020,Madurai,Express,5819,899,South
S021,Erode,Express,2765,398,West
S022,Trichy,Hypermarket,14580,2286,Central
S023,Madurai,Hypermarket,15673,2802,South
S024,Madurai,Supermarket,11474,1479,South
S025,Erode,Hypermarket,21038,3134,West
S026,Chennai,Supermarket,7533,1187,North
S027,Tiruppur,Hypermarket,21419,2357,West
S028,Erode,Express,4408,681,West
S029,Erode,Supermarket,11791,1783,West
S030,Madurai,Supermarket,8544,1423,South
S032,Salem,Hypermarket,16653,1770,Central
S033,Salem,Express,3012,452,Central
S034,Chennai,Express,4924,863,North
S035,Madurai,Supermarket,10396,1790,South
S036,Erode,Express,2832,293,West
S037,Trichy,Express,4843,646,Central
S038,Coimbatore,Hypermarket,20938,3169,West
S039,Trichy,Hypermarket,23222,2875,Central
S040,Chennai,Express,4300,573,North
S041,Bengaluru,Supermarket,7786,973,South
S042,Erode,Express,3035,488,West
S043,Chennai,Hypermarket,19642,2384,North
S044,Salem,Supermarket,5793,1017,Central
S045,Tiruppur,Supermarket,6308,995,West
S046,Salem,Supermarket,9081,1270,Central
S047,Trichy,Hypermarket,13475,1892,Central
S048,Salem,Supermarket,9778,1017,Central
S049,Bengaluru,Express,5254,723,South
S050,Coimbatore,Supermarket,8530,1349,West
S051,Tiruppur,Hypermarket,18563,2703,West
S052,Salem,Hypermarket,16728,2190,Central
S053,Bengaluru,Express,5286,787,South
S054,Madurai,Supermarket,8226,1472,South
S055,Erode,Supermarket,6630,876,West
S056,Coimbatore,Supermarket,5318,673,West
S057,Bengaluru,Express,4983,854,South
S058,Madurai,Hypermarket,17218,2263,South
S059,Trichy,Express,5892,829,Central
S060,Bengaluru,Express,4445,735,South
S061,Erode,Hypermarket,13795,2024,West
S062,Coimbatore,Express,5185,843,West
S063,Salem,Express,4467,508,Central
S064,Tiruppur,Supermarket,11731,1203,West
S065,Chennai,Supermarket,5155,688,North
S066,Tiruppur,Express,4555,738,West
S067,Bengaluru,Express,5390,599,South
S068,Salem,Express,4459,633,Central
S069,Erode,Supermarket,8765,1260,West
S070,Trichy,Express,3509,429,Central
S071,Trichy,Supermarket,7438,1163,Central
S072,Bengaluru,Hypermarket,17714,3095,South
S073,Trichy,Hypermarket,21395,3069,Central
S074,Tiruppur,Hypermarket,14399,1488,West
S075,Chennai,Hypermarket,22747,3635,North
S076,Salem,Supermarket,11782,2058,Central
S077,Trichy,Supermarket,5894,866,Central
S078,Salem,Supermarket,10487,1584,Central
S079,Coimbatore,Supermarket,8385,1155,West
S080,Madurai,Supermarket,9508,1447,South
S081,Bengaluru,Hypermarket,15267,2704,South
S082,Erode,Hypermarket,12969,1390,West
S083,Salem,Express,5982,1046,Central
S084,Madurai,Hypermarket,14880,2675,South
S085,Tiruppur,Hypermarket,24271,4129,West
S086,Coimbatore,Hypermarket,21875,3812,West
S087,Erode,Hypermarket,22507,3195,West
S088,Madurai,Express,3289,542,South
S089,Erode,Supermarket,10989,1325,West
S090,Madurai,Supermarket,11034,1364,South
S091,Salem,Supermarket,10004,1662,Central
S092,Erode,Supermarket,8283,951,West
S093,Madurai,Hypermarket,16064,1942,South
S094,Salem,Hypermarket,16374,2033,Central
S095,Coimbatore,Hypermarket,17890,2127,West
S096,Chennai,Hypermarket,14616,2264,North
S097,Trichy,Express,3708,480,Central
S098,Salem,Supermarket,6094,831,Central
S099,Erode,Hypermarket,20998,3372,West
S100,Salem,Supermarket,10573,1796,Central
S101,Chennai,Express,5382,694,North
S102,Chennai,Supermarket,11789,1370,North
S103,Madurai,Supermarket,7687,840,South
S104,Salem,Express,2872,494,Central
S105,Bengaluru,Supermarket,8714,1161,South
S106,Coimbatore,Express,5805,724,West
S107,Coimbatore,Hypermarket,12049,1415,West
S108,Chennai,Supermarket,8470,890,North
S109,Coimbatore,Supermarket,8867,1177,West
S110,Madurai,Express,4221,549,South
S111,Tiruppur,Hypermarket,18154,2807,West
S112,Madurai,Express,3231,580,South
S113,Tiruppur,Express,3412,569,West
S114,Coimbatore,Hypermarket,23034,3307,West
S115,Tiruppur,Supermarket,7027,790,West
S116,Salem,Express,2631,433,Central
S117,Tiruppur,Express,3485,406,West
S118,Chennai,Express,4948,761,North
S119,Coimbatore,Supermarket,11066,1495,West
S120,Salem,Supermarket,6147,730,Central
S121,Erode,Express,5254,869,West
S122,Salem,Hypermarket,22816,2685,Central
S123,Trichy,Hypermarket,21121,3599,Central
S124,Madurai,Express,4776,667,South
S125,Erode,Express,5718,812,West
S126,Tiruppur,Hypermarket,16913,1940,West
S127,Bengaluru,Supermarket,11957,2016,South
S128,Madurai,Hypermarket,21214,3764,South
S129,Madurai,Hypermarket,16177,2045,South
S130,Chennai,Hypermarket,18079,2583,North
S131,Salem,Supermarket,7199,1068,Central
S132,Coimbatore,Supermarket,6541,1033,West
S133,Salem,Hypermarket,17455,3082,Central
S134,Coimbatore,Supermarket,6556,1047,West
S135,Bengaluru,Supermarket,10698,1245,South
S136,Salem,Express,3659,477,Central
S137,Erode,Hypermarket,17892,3053,West
S138,Bengaluru,Supermarket,11576,1863,South
S139,Erode,Supermarket,8036,833,West
S140,Salem,Express,3568,515,Central
S141,Tiruppur,Hypermarket,15214,1801,West
S142,Salem,Hypermarket,22725,2886,Central
S143,Bengaluru,Express,4509,617,South
S144,Erode,Supermarket,6146,855,West
S145,Coimbatore,Express,5850,898,West
S146,Coimbatore,Hypermarket,22333,2355,West
S147,Madurai,Supermarket,6791,882,South
S148,Bengaluru,Express,2527,360,South
S149,Tiruppur,Supermarket,5137,627,West
S150,Trichy,Supermarket,9114,1225,Central
S151,Madurai,Supermarket,5789,690,South
S152,Trichy,Hypermarket,18502,2402,Central
S153,Tiruppur,Hypermarket,15984,1887,West
S154,Chennai,Express,2629,283,North
S155,Tiruppur,Hypermarket,19798,2988,West
S156,Madurai,Supermarket,9094,1480,South
S157,Chennai,Express,3365,579,North
S158,Bengaluru,Hypermarket,13218,2301,South
S159,Coimbatore,Supermarket,11966,2117,West
S160,Madurai,Express,2815,349,South
S161,Salem,Express,5273,905,Central
S162,Erode,Hypermarket,24119,3937,West
S163,Chennai,Express,2719,293,North
S164,Salem,Supermarket,7790,1162,Central
S165,Tiruppur,Hypermarket,22389,3642,West
S166,Bengaluru,Hypermarket,17829,3125,South
S167,Tiruppur,Supermarket,10568,1378,West
S168,Trichy,Supermarket,10841,1317,Central
S169,Tiruppur,Express,3131,498,West
S170,Erode,Hypermarket,13499,2368,West
S171,Bengaluru,Hypermarket,16419,1816,South
S172,Madurai,Hypermarket,21125,2979,South
S173,Chennai,Supermarket,5734,616,North
S174,Erode,Hypermarket,16781,2199,West
S175,Chennai,Express,4842,686,North
S176,Tiruppur,Supermarket,6137,745,West
S177,Madurai,Supermarket,6369,851,South
S178,Bengaluru,Supermarket,7958,1255,South
S179,Bengaluru,Express,4375,475,South
S180,Trichy,Supermarket,8241,1233,Central
S181,Erode,Hypermarket,19055,3161,West
S182,Madurai,Hypermarket,21883,2540,South
S183,Erode,Supermarket,8262,1312,West
S184,Bengaluru,Express,3834,499,South
S185,Tiruppur,Hypermarket,21238,3130,West
S186,Madurai,Express,2610,460,South
S187,Bengaluru,Express,5767,711,South
S188,Chennai,Hypermarket,20180,3040,North
S189,Salem,Hypermarket,14525,1944,Central
S190,Tiruppur,Supermarket,8678,1272,West
S191,Tiruppur,Express,3972,620,West
S192,Chennai,Supermarket,11299,1731,North
S193,Madurai,Express,4806,859,South
S194,Tiruppur,Hypermarket,19052,1921,West
S195,Trichy,Supermarket,9183,1328,Central
S196,Salem,Hypermarket,18408,2978,Central
S197,Madurai,Hypermarket,19909,2461,South
S198,Chennai,Supermarket,11810,1510,North
S199,Erode,Hypermarket,15389,2133,West
S200,Bengaluru,Supermarket,8589,1170,South
S201,Chennai,Hypermarket,23645,2407,North
S202,Erode,Express,5777,654,West
S203,Salem,Express,3155,399,Central
S204,Tiruppur,Hypermarket,18636,2139,West
S205,Tiruppur,Hypermarket,24081,4109,West
S206,Bengaluru,Express,2518,394,South
S207,Salem,Hypermarket,23530,3851,Central
S208,Chennai,Express,3835,444,North
S209,Chennai,Hypermarket,20019,3549,North
S210,Erode,Express,4107,604,West
S211,Erode,Hypermarket,19501,2219,West
S212,Trichy,Express,5252,581,Central
S213,Chennai,Supermarket,7501,974,North
S214,Madurai,Express,4942,549,South
S215,Tiruppur,Hypermarket,19973,2856,West
S216,Madurai,Express,3683,410,South
S217,Erode,Hypermarket,12878,2268,West
S218,Bengaluru,Supermarket,6598,927,South
S219,Bengaluru,Hypermarket,20056,3145,South
S220,Bengaluru,Hypermarket,13354,1368,South
S221,Salem,Hypermarket,16503,2360,Central
S222,Madurai,Hypermarket,24165,3897,South
S223,Chennai,Express,5674,814,North
S224,Erode,Express,2670,429,West
S225,Bengaluru,Express,2919,464,South
S226,Salem,Hypermarket,19368,2477,Central
S227,Chennai,Hypermarket,24707,2939,North
S228,Erode,Express,4253,482,West
S229,Madurai,Supermarket,11664,1222,South
S230,Erode,Express,4706,534,West
S231,Trichy,Hypermarket,16380,2929,Central
S232,Chennai,Supermarket,11144,1934,North
S233,Trichy,Express,3043,365,Central
S234,Erode,Supermarket,11237,1564,West
S235,Trichy,Express,4351,461,Central
S236,Chennai,Hypermarket,24284,3778,North
S237,Erode,Hypermarket,17362,1740,West
S238,Chennai,Express,5220,813,North
S239,Chennai,Express,4259,707,North
S240,Bengaluru,Hypermarket,16646,2393,South
S241,Madurai,Express,5728,730,South
S242,Coimbatore,Supermarket,5815,971,West
S243,Coimbatore,Supermarket,6294,630,West
S244,Tiruppur,Supermarket,10640,1321,West
S245,Trichy,Supermarket,10362,1105,Central
S246,Madurai,Supermarket,8246,1304,South
S247,Salem,Hypermarket,13494,1452,Central
S248,Salem,Hypermarket,14174,1674,Central
S249,Bengaluru,Supermarket,5066,838,South
S250,Tiruppur,Express,2790,330,West
