transaction_id,date,store_id,product_id,quantity,selling_price,discount_pct,promotion_flag,customer_id,payment_mode,hour
T1001,2026-08-03,S004,P004,7,409.48,0.0,1,C1098,UPI,18
T1002,2026-08-22,S005,P003,4,291.59,0.0,0,C1157,Cash,10
T1003,2026-08-15,S012,P024,9,118.5,15.0,1,C1158,Cash,15
T1004,2026-08-07,S003,P029,6,22.74,20.0,1,C1151,Cash,14
T1005,2026-08-12,S014,P011,5,278.72,0.0,0,C1064,Card,18
T1006,2026-08-03,S008,P018,3,207.76,0.0,0,C1185,Cash,12
T1007,2026-08-25,S001,P028,5,142.76,0.0,0,C1225,Card,11
T1008,2026-08-17,S020,P017,7,412.32,5.0,1,C1166,UPI,20
T1009,2026-08-08,S016,P013,7,204.77,5.0,1,C1093,Card,10
T1010,2026-08-13,S019,P014,7,212.93,0.0,0,C1175,UPI,20
T1011,2026-08-16,S003,P001,2,36.88,0.0,0,C1068,UPI,8
T1012,2026-08-02,S013,P017,12,368.92,15.0,1,C1180,Card,9
T1015,2026-08-19,S003,P010,4,102.26,0.0,0,C1187,UPI,8
T1016,2026-08-08,S003,P030,9,58.66,0.0,0,C1157,Cash,8
T1017,2026-08-10,S006,P004,7,409.48,0.0,1,C1042,Card,13
T1018,2026-08-17,S017,P026,1,150.9,0.0,0,C1067,UPI,13
T1019,2026-08-05,S009,P024,7,139.41,0.0,0,C1198,UPI,13
T1020,2026-08-14,S009,P017,3,368.92,15.0,1,C1128,Card,16
T1021,2026-08-12,S002,P016,11,129.18,0.0,0,C1043,Card,10
T1022,2026-08-09,S004,P029,4,28.42,0.0,0,C1059,Cash,16
T1023,2026-08-01,S002,P028,4,142.76,0.0,0,C1012,Card,13
T1024,2026-08-13,S005,P006,8,195.52,0.0,0,C1220,UPI,16
T1025,2026-08-23,S014,P008,6,299.24,0.0,0,C1235,Cash,13
T1026,2026-08-09,S003,P019,3,215.55,0.0,0,C1046,UPI,20
T1027,2026-08-17,S002,P013,8,204.77,5.0,1,C1199,Card,13
T1028,2026-08-03,S018,P015,11,378.87,0.0,1,C1145,Card,19
T1029,2026-08-20,S008,P015,3,378.87,0.0,0,C1249,Card,20
T1030,2026-08-25,S007,P024,2,139.41,0.0,0,C1195,UPI,10
T1031,2026-08-01,S014,P001,8,36.88,0.0,1,C1001,Cash,14
T1032,2026-08-24,S010,P004,7,409.48,0.0,1,C1126,UPI,10
T1033,2026-08-23,S009,P003,14,291.59,0.0,1,C1118,Cash,9
T1034,2026-08-19,S004,P017,14,347.22,20.0,1,C1020,Cash,17
T1035,2026-08-02,S014,P022,4,97.6,0.0,0,C1075,Card,21
T1036,2026-08-11,S013,P023,2,257.09,0.0,0,C1084,Card,15
T1037,2026-08-09,S008,P003,6,291.59,0.0,0,C1200,Cash,9
T1038,2026-08-05,S004,P006,7,195.52,0.0,0,C1081,Card,9
T1039,2026-08-18,S012,P025,10,489.54,0.0,1,C1068,UPI,9
T1040,2026-08-06,S010,P027,6,363.65,0.0,0,C1155,UPI,11
T1042,2026-08-17,S002,P022,6,78.08,20.0,1,C1008,Card,21
T1043,2026-08-15,S018,P024,9,139.41,0.0,0,C1119,UPI,20
T1044,2026-08-05,S004,P001,9,29.5,20.0,1,C1034,UPI,21
T1045,2026-08-13,S012,P022,11,97.6,0.0,0,C1166,UPI,17
T1046,2026-08-19,S009,P030,8,58.66,0.0,0,C1006,UPI,11
T1047,2026-08-21,S015,P026,6,120.72,20.0,1,C1032,UPI,15
T1048,2026-08-02,S006,P030,5,58.66,0.0,0,C1128,UPI,14
T1049,2026-08-22,S014,P006,4,195.52,0.0,0,C1071,Card,15
T1050,2026-08-05,S002,P020,4,77.99,0.0,0,C1063,Cash,12
T1051,2026-08-16,S014,P029,5,28.42,0.0,0,C1023,Card,14
T1052,2026-08-05,S014,P007,5,279.71,0.0,0,C1205,Cash,11
T1053,2026-08-21,S018,P026,7,143.35,5.0,1,C1123,Cash,20
T1054,2026-08-16,S012,P030,5,58.66,0.0,0,C1100,Card,10
T1055,2026-08-01,S011,P020,11,62.39,20.0,1,C1208,Card,16
T1057,2026-08-08,S009,P018,1,207.76,0.0,0,C1196,UPI,17
T1058,2026-08-13,S012,P030,4,58.66,0.0,0,C1217,UPI,10
T1059,2026-08-08,S019,P011,7,278.72,0.0,0,C1234,Cash,8
T1060,2026-08-23,S012,P019,5,348.13,0.0,0,C1215,Card,16
T1061,2026-08-10,S006,P016,5,129.18,0.0,1,C1155,UPI,8
T1062,2026-08-17,S016,P001,4,36.88,0.0,0,C1158,UPI,20
T1063,2026-08-05,S011,P023,11,205.67,20.0,1,C1016,UPI,10
T1064,2026-08-19,S005,P025,5,440.59,10.0,1,C1246,UPI,13
T1065,2026-08-23,S013,P019,6,348.13,0.0,1,C1250,UPI,19
T1066,2026-08-14,S016,P021,5,226.23,15.0,1,C1058,Cash,17
T1067,2026-08-06,S013,P010,7,102.26,0.0,0,C1076,UPI,10
T1068,2026-08-24,S001,P023,6,257.09,0.0,0,C1101,Cash,8
T1069,2026-08-06,S020,P011,7,278.72,0.0,0,C1248,Cash,11
T1070,2026-08-21,S019,P004,6,409.48,0.0,0,C1037,Card,19
T1071,2026-08-03,S008,P012,7,350.19,0.0,0,C1043,Cash,22
T1072,2026-08-03,S011,P015,8,378.87,0.0,1,C1178,UPI,13
T1073,2026-08-09,S004,P024,11,132.44,5.0,1,C1249,UPI,22
T1074,2026-08-14,S016,P029,2,28.42,0.0,0,C1140,Card,9
T1075,2026-08-16,S019,P021,4,266.15,0.0,0,C1042,Card,9
T1076,2026-08-02,S010,P001,7,36.88,0.0,1,C1044,Card,10
T1077,2026-08-24,S003,P018,7,207.76,0.0,0,C1024,Card,17
T1078,2026-08-20,S016,P023,6,218.53,15.0,1,C1156,Card,10
T1079,2026-08-02,S004,P011,9,278.72,0.0,1,C1170,Card,12
T1080,2026-08-08,S004,P002,5,305.48,0.0,0,C1040,UPI,13
T1081,2026-08-01,S014,P003,11,247.85,15.0,1,C1025,UPI,11
T1082,2026-08-06,S010,P003,3,291.59,0.0,0,C1030,Card,20
T1083,2026-08-13,S016,P016,5,129.18,0.0,0,C1068,UPI,18
T1084,2026-08-18,S013,P006,9,195.52,0.0,0,C1098,Card,10
T1085,2026-08-15,S002,P009,8,492.98,0.0,0,C1058,Card,17
T1086,2026-08-02,S005,P025,6,489.54,0.0,0,C1022,Cash,13
T1087,2026-08-18,S014,P025,9,489.54,0.0,0,C1142,UPI,21
T1088,2026-08-13,S017,P014,4,212.93,0.0,0,C1176,Card,17
T1089,2026-08-08,S016,P010,11,81.81,20.0,1,C1031,Card,10
T1090,2026-08-06,S007,P026,6,150.9,0.0,1,C1021,Cash,14
T1091,2026-08-07,S005,P027,10,363.65,0.0,0,C1082,Cash,22
T1092,2026-08-03,S003,P013,6,215.55,0.0,0,C1142,Card,21
T1093,2026-08-09,S017,P015,9,378.87,0.0,0,C1202,Cash,17
T1094,2026-08-19,S017,P026,4,150.9,0.0,0,C1107,UPI,10
T1095,2026-08-19,S019,P019,1,348.13,0.0,0,C1241,UPI,22
T1096,2026-08-04,S019,P025,9,489.54,0.0,1,C1225,Card,12
T1097,2026-08-13,S016,P019,8,348.13,0.0,0,C1010,UPI,12
T1098,2026-08-13,S005,P020,6,77.99,0.0,0,C1178,Card,8
T1099,2026-08-13,S011,P023,6,218.53,15.0,1,C1236,Card,22
T1100,2026-08-12,S001,P011,3,278.72,0.0,0,C1078,Card,12
T1101,2026-08-16,S004,P028,11,142.76,0.0,1,C1069,Cash,14
T1102,2026-08-20,S003,P007,3,279.71,0.0,0,C1234,Card,19
T1103,2026-08-16,S017,P028,3,142.76,0.0,0,C1132,UPI,9
T1104,2026-08-10,S017,P013,6,172.44,20.0,1,C1045,UPI,22
T1105,2026-08-07,S002,P008,9,299.24,0.0,1,C1181,UPI,12
T1106,2026-08-12,S015,P017,5,434.02,0.0,0,C1237,UPI,18
T1107,2026-08-01,S008,P012,6,350.19,0.0,0,C1046,Card,17
T1108,2026-08-18,S012,P012,6,350.19,0.0,1,C1073,UPI,14
T1109,2026-08-02,S006,P028,4,142.76,0.0,0,C1220,UPI,18
T1110,2026-08-08,S007,P009,3,492.98,0.0,0,C1222,Cash,8
T1111,2026-08-16,S005,P021,8,212.92,20.0,1,C1065,Cash,20
T1112,2026-08-10,S009,P014,5,212.93,0.0,0,C1219,Card,15
T1113,2026-08-09,S007,P015,10,340.98,10.0,1,C1002,Cash,18
T1114,2026-08-12,S018,P021,2,266.15,0.0,0,C1073,Card,18
T1115,2026-08-04,S016,P003,4,291.59,0.0,0,C1071,Cash,13
T1116,2026-08-09,S009,P021,9,266.15,0.0,0,C1049,UPI,16
T1117,2026-08-25,S008,P029,10,22.74,20.0,1,C1170,Card,18
T1118,2026-08-05,S001,P021,5,266.15,0.0,0,C1076,Card,22
T1119,2026-08-14,S013,P013,4,215.55,0.0,0,C1150,Cash,17
T1120,2026-08-07,S011,P024,3,139.41,0.0,0,C1176,Cash,18
T1121,2026-08-16,S012,P017,7,434.02,0.0,1,C1025,Card,10
T1122,2026-08-24,S009,P024,7,139.41,0.0,0,C1196,UPI,18
T1123,2026-08-11,S003,P008,7,299.24,0.0,0,C1191,Card,14
T1124,2026-08-11,S012,P009,6,492.98,0.0,0,C1119,UPI,15
T1125,2026-08-02,S019,P019,6,348.13,0.0,0,C1121,UPI,16
T1126,2026-08-04,S013,P017,9,434.02,0.0,1,C1036,UPI,13
T1127,2026-08-14,S019,P029,8,28.42,0.0,0,C1118,UPI,13
T1128,2026-08-23,S006,P025,10,489.54,0.0,1,C1163,UPI,8
T1129,2026-08-15,S009,P007,4,279.71,0.0,0,C1148,UPI,15
T1130,2026-08-25,S003,P005,7,98.85,0.0,0,C1163,Card,14
T1131,2026-08-14,S016,P013,7,194.0,10.0,1,C1188,Card,8
T1132,2026-08-11,S017,P007,7,279.71,0.0,1,C1058,Cash,22
T1133,2026-08-12,S010,P005,10,88.96,10.0,1,C1043,UPI,21
T1134,2026-08-02,S010,P010,6,102.26,0.0,0,C1112,Cash,10
T1135,2026-08-11,S016,P012,9,350.19,0.0,0,C1043,Card,8
T1136,2026-08-08,S008,P024,5,139.41,0.0,0,C1188,UPI,17
T1137,2026-08-17,S006,P004,5,409.48,0.0,0,C1167,UPI,14
T1138,2026-08-21,S009,P025,2,489.54,0.0,0,C1013,Cash,8
T1139,2026-08-22,S004,P021,6,266.15,0.0,0,C1177,UPI,14
T1140,2026-08-15,S013,P004,6,409.48,0.0,0,C1180,UPI,11
T1141,2026-08-23,S001,P010,6,102.26,0.0,0,C1170,Cash,12
T1142,2026-08-20,S020,P023,3,205.67,20.0,1,C1131,Cash,17
T1143,2026-08-04,S010,P004,3,409.48,0.0,0,C1128,UPI,17
T1144,2026-08-07,S009,P027,5,363.65,0.0,0,C1052,Card,19
T1145,2026-08-14,S010,P006,5,185.74,5.0,1,C1177,Card,13
T1146,2026-08-08,S001,P001,4,36.88,0.0,0,C1214,Cash,18
T1147,2026-08-16,S005,P003,5,291.59,0.0,0,C1186,Cash,9
T1148,2026-08-09,S008,P015,8,378.87,0.0,0,C1068,Card,8
T1149,2026-08-04,S006,P028,6,142.76,0.0,1,C1206,Cash,13
T1150,2026-08-14,S004,P004,3,409.48,0.0,0,C1228,UPI,8
T1151,2026-08-05,S006,P011,4,278.72,0.0,0,C1113,Cash,12
T1152,2026-08-24,S003,P012,5,350.19,0.0,0,C1047,UPI,14
T1153,2026-08-13,S015,P009,4,492.98,0.0,0,C1177,Card,20
T1154,2026-08-14,S006,P004,3,348.06,15.0,1,C1242,UPI,9
T1155,2026-08-14,S019,P016,6,129.18,0.0,0,C1174,Card,10
T1156,2026-08-20,S013,P025,6,489.54,0.0,0,C1008,Cash,22
T1157,2026-08-24,S005,P016,8,129.18,0.0,0,C1029,Card,15
T1158,2026-08-02,S003,P009,1,492.98,0.0,0,C1181,Cash,16
T1159,2026-08-25,S019,P024,6,139.41,0.0,0,C1245,Cash,21
T1160,2026-08-11,S017,P017,2,434.02,0.0,0,C1159,UPI,14
T1161,2026-08-22,S008,P016,8,129.18,0.0,0,C1039,Cash,22
T1162,2026-08-20,S002,P001,2,36.88,0.0,0,C1041,Cash,21
T1163,2026-08-16,S016,P028,12,114.21,20.0,1,C1062,Card,12
T1164,2026-08-02,S017,P008,7,299.24,0.0,0,C1104,UPI,9
T1165,2026-08-15,S015,P026,3,150.9,0.0,0,C1220,Card,15
T1166,2026-08-11,S004,P016,5,129.18,0.0,0,C1005,UPI,14
T1167,2026-08-14,S002,P018,6,207.76,0.0,0,C1212,UPI,20
T1168,2026-08-20,S020,P021,5,239.54,10.0,1,C1168,Cash,15
T1169,2026-08-11,S012,P027,8,363.65,0.0,1,C1085,Cash,20
T1170,2026-08-20,S020,P016,8,129.18,0.0,0,C1094,Cash,15
T1171,2026-08-04,S004,P025,4,489.54,0.0,0,C1001,Card,13
T1172,2026-08-21,S010,P018,10,207.76,0.0,0,C1180,UPI,8
T1173,2026-08-06,S016,P005,4,98.85,0.0,0,C1191,Cash,14
T1174,2026-08-04,S009,P020,9,77.99,0.0,1,C1056,Card,21
T1175,2026-08-07,S011,P004,10,409.48,0.0,0,C1012,Cash,21
T1176,2026-08-22,S019,P004,6,409.48,0.0,0,C1118,Cash,17
T1177,2026-08-17,S005,P016,5,109.8,15.0,1,C1142,Card,21
T1178,2026-08-19,S016,P030,7,58.66,0.0,0,C1236,UPI,19
T1179,2026-08-19,S006,P024,5,139.41,0.0,0,C1027,Card,18
T1180,2026-08-20,S020,P029,10,28.42,0.0,0,C1226,Card,14
T1181,2026-08-20,S008,P009,4,492.98,0.0,0,C1088,Card,15
T1182,2026-08-05,S005,P014,2,212.93,0.0,0,C1227,Cash,16
T1183,2026-08-10,S018,P028,5,121.35,15.0,1,C1052,UPI,17
T1184,2026-08-23,S010,P022,6,97.6,0.0,0,C1182,Cash,10
T1185,2026-08-17,S018,P023,8,257.09,0.0,0,C1182,UPI,20
T1186,2026-08-12,S018,P016,4,129.18,0.0,0,C1242,Cash,19
T1187,2026-08-14,S018,P010,3,102.26,0.0,0,C1109,UPI,16
T1188,2026-08-04,S001,P013,9,183.22,15.0,1,C1052,Card,20
T1189,2026-08-06,S010,P022,7,78.08,20.0,1,C1177,Card,11
T1190,2026-08-25,S018,P002,8,305.48,0.0,0,C1116,UPI,17
T1191,2026-08-22,S018,P028,8,121.35,15.0,1,C1131,Cash,12
T1192,2026-08-23,S002,P030,6,58.66,0.0,0,C1245,Cash,13
T1193,2026-08-18,S002,P001,5,36.88,0.0,0,C1052,Cash,21
T1194,2026-08-25,S015,P027,14,309.1,15.0,1,C1194,Cash,16
T1195,2026-08-24,S020,P007,7,279.71,0.0,0,C1247,UPI,12
T1196,2026-08-15,S006,P022,8,97.6,0.0,1,C1011,Card,12
T1197,2026-08-18,S009,P005,6,79.08,20.0,1,C1002,Card,15
T1198,2026-08-23,S005,P002,11,305.48,0.0,1,C1126,Cash,16
T1199,2026-08-12,S003,P026,8,150.9,0.0,0,C1135,UPI,10
T1200,2026-08-17,S003,P026,3,150.9,0.0,0,C1107,Cash,16
T1201,2026-08-13,S003,P012,6,350.19,0.0,1,C1085,Card,12
T1202,2026-08-07,S020,P017,6,434.02,0.0,0,C1144,Cash,8
T1203,2026-08-04,S012,P015,4,322.04,15.0,1,C1246,UPI,18
T1204,2026-08-11,S013,P030,7,58.66,0.0,0,C1030,Card,12
T1205,2026-08-18,S010,P001,5,36.88,0.0,0,C1211,Card,16
T1206,2026-08-17,S015,P016,7,109.8,15.0,1,C1083,Cash,9
T1207,2026-08-04,S006,P025,6,489.54,0.0,0,C1002,Cash,9
T1208,2026-08-07,S007,P028,1,142.76,0.0,0,C1214,UPI,11
T1209,2026-08-18,S014,P021,10,266.15,0.0,0,C1019,Cash,18
T1210,2026-08-05,S001,P015,2,378.87,0.0,0,C1010,UPI,9
T1211,2026-08-02,S006,P026,9,150.9,0.0,1,C1105,Card,15
T1212,2026-08-21,S013,P014,5,202.28,5.0,1,C1137,UPI,18
T1213,2026-08-24,S020,P003,5,291.59,0.0,0,C1150,UPI,19
T1214,2026-08-03,S012,P030,4,58.66,0.0,0,C1075,Cash,12
T1215,2026-08-20,S003,P010,5,102.26,0.0,0,C1113,Card,14
T1216,2026-08-22,S001,P016,11,129.18,0.0,1,C1204,Cash,12
T1217,2026-08-21,S005,P010,1,102.26,0.0,0,C1235,Cash,18
T1218,2026-08-12,S001,P018,3,207.76,0.0,0,C1037,UPI,8
T1219,2026-08-01,S019,P020,2,77.99,0.0,0,C1079,UPI,19
T1220,2026-08-24,S012,P007,5,279.71,0.0,0,C1166,Cash,10
T1221,2026-08-06,S006,P008,4,299.24,0.0,0,C1065,UPI,9
T1222,2026-08-06,S019,P028,11,114.21,20.0,1,C1166,Cash,9
T1223,2026-08-10,S003,P009,11,419.03,15.0,1,C1244,Card,13
T1224,2026-08-05,S008,P004,4,409.48,0.0,1,C1082,Card,15
T1225,2026-08-11,S020,P022,8,87.84,10.0,1,C1145,Cash,13
T1226,2026-08-11,S014,P006,9,195.52,0.0,1,C1183,Cash,18
T1227,2026-08-14,S009,P027,2,363.65,0.0,0,C1174,Cash,13
T1228,2026-08-16,S015,P015,9,378.87,0.0,0,C1125,Cash,9
T1229,2026-08-06,S020,P003,5,291.59,0.0,0,C1220,UPI,22
T1230,2026-08-18,S007,P009,7,492.98,0.0,0,C1161,UPI,19
T1231,2026-08-03,S001,P028,6,142.76,0.0,0,C1008,Cash,17
T1232,2026-08-13,S019,P007,5,279.71,0.0,0,C1142,Card,16
T1233,2026-08-18,S016,P021,6,266.15,0.0,0,C1094,Card,11
T1234,2026-08-25,S019,P024,5,139.41,0.0,0,C1035,Card,16
T1235,2026-08-17,S003,P013,4,215.55,0.0,0,C1003,Cash,11
T1236,2026-08-20,S006,P025,7,489.54,0.0,0,C1115,UPI,10
T1237,2026-08-19,S019,P022,1,97.6,0.0,0,C1038,Cash,19
T1238,2026-08-16,S012,P002,10,290.21,5.0,1,C1068,Card,11
T1239,2026-08-02,S007,P017,6,434.02,0.0,0,C1100,Card,22
T1240,2026-08-15,S002,P002,7,305.48,0.0,0,C1027,Cash,16
T1241,2026-08-21,S009,P027,3,363.65,0.0,0,C1149,Cash,17
T1242,2026-08-06,S013,P021,7,266.15,0.0,0,C1151,Cash,22
T1243,2026-08-03,S017,P009,2,492.98,0.0,0,C1233,UPI,16
T1244,2026-08-13,S012,P027,5,363.65,0.0,0,C1125,Card,22
T1245,2026-08-20,S001,P017,10,434.02,0.0,0,C1113,UPI,11
T1246,2026-08-03,S017,P021,9,266.15,0.0,1,C1041,Card,17
T1247,2026-08-23,S004,P022,10,78.08,20.0,1,C1124,Cash,15
T1248,2026-08-16,S007,P019,14,278.5,20.0,1,C1063,UPI,10
T1249,2026-08-19,S019,P006,2,175.97,10.0,1,C1229,Cash,10
T1250,2026-08-02,S006,P009,8,492.98,0.0,0,C1154,Cash,18
