date,store_id,product_id,current_stock,7_day_forecast,stockout_probability,risk_level,safety_stock,incoming_stock,recommended_order,manager_action,risk_driver
2026-08-01,S014,P001,156.0,0.0,0.7041715150882191,HIGH,171.0,0.0,15.0,URGENT REORDER,"Key Model Drivers: Opening, Reorder Lvl"
2026-08-15,S002,P002,142.0,1.0,0.8467338114608047,HIGH,182.0,72.0,0.0,MONITOR STOCK,"Key Model Drivers: Opening, Reorder Lvl"
2026-08-08,S003,P030,224.0,0.0,0.7621773319088103,HIGH,196.0,173.0,0.0,MONITOR STOCK,"Key Model Drivers: Opening, Reorder Lvl"
2026-08-16,S017,P028,106.0,2.0,0.711431130706742,HIGH,137.0,45.0,0.0,MONITOR STOCK,"Key Model Drivers: Opening, Reorder Lvl"
2026-08-13,S005,P006,55.0,2.0,0.4371070270078459,MEDIUM,177.0,1.0,123.0,PLAN REORDER,
2026-08-02,S006,P009,174.0,0.0,0.5292352404172644,MEDIUM,153.0,83.0,0.0,MONITOR,
2026-08-06,S013,P010,184.0,0.0,0.631067327535545,MEDIUM,192.0,97.0,0.0,MONITOR,
2026-08-14,S013,P013,172.0,1.0,0.6172937380928091,MEDIUM,193.0,42.0,0.0,MONITOR,
2026-08-14,S016,P013,167.0,1.0,0.4935107969602346,MEDIUM,164.0,101.0,0.0,MONITOR,
2026-08-12,S010,P005,150.0,1.0,0.32596383955999203,LOW,197.0,21.0,27.0,NORMAL REORDER,
2026-08-23,S001,P010,0.0,2.0,0.13109016533823148,LOW,0.0,0.0,2.0,NORMAL REORDER,
2026-08-08,S001,P001,348.0,0.0,0.0,LOW,96.0,105.0,0.0,NO ACTION,
2026-08-12,S001,P011,319.0,1.0,0.0,LOW,140.0,142.0,0.0,NO ACTION,
2026-08-04,S001,P013,272.0,0.0,0.3410824736791494,LOW,188.0,175.0,0.0,NO ACTION,
2026-08-05,S001,P015,250.0,0.0,0.0,LOW,54.0,28.0,0.0,NO ACTION,
2026-08-22,S001,P016,547.0,1.0,0.0,LOW,181.0,179.0,0.0,NO ACTION,
2026-08-20,S001,P017,153.0,2.0,0.0,LOW,39.0,24.0,0.0,NO ACTION,
2026-08-12,S001,P018,442.0,1.0,0.0,LOW,33.0,18.0,0.0,NO ACTION,
2026-08-05,S001,P021,442.0,0.0,0.0,LOW,148.0,73.0,0.0,NO ACTION,
2026-08-24,S001,P023,339.0,1.0,0.0,LOW,88.0,173.0,0.0,NO ACTION,
2026-08-25,S001,P028,493.0,1.0,0.0,LOW,146.0,87.0,0.0,NO ACTION,
2026-08-20,S002,P001,501.0,2.0,0.0,LOW,78.0,125.0,0.0,NO ACTION,
2026-08-07,S002,P008,499.0,0.0,0.0,LOW,154.0,80.0,0.0,NO ACTION,
2026-08-15,S002,P009,429.0,1.0,0.0,LOW,152.0,108.0,0.0,NO ACTION,
2026-08-17,S002,P013,264.0,1.0,0.0,LOW,69.0,27.0,0.0,NO ACTION,
2026-08-12,S002,P016,300.0,1.0,0.019347826086956524,LOW,152.0,34.0,0.0,NO ACTION,
2026-08-14,S002,P018,187.0,1.0,0.1499748766924044,LOW,85.0,126.0,0.0,NO ACTION,
2026-08-05,S002,P020,472.0,0.0,0.0,LOW,187.0,59.0,0.0,NO ACTION,
2026-08-17,S002,P022,298.0,1.0,0.0,LOW,46.0,22.0,0.0,NO ACTION,
2026-08-01,S002,P028,438.0,0.0,0.0,LOW,95.0,104.0,0.0,NO ACTION,
2026-08-23,S002,P030,254.0,2.0,0.07498432863873174,LOW,172.0,81.0,0.0,NO ACTION,
2026-08-16,S003,P001,310.0,2.0,0.0,LOW,185.0,38.0,0.0,NO ACTION,
2026-08-25,S003,P005,206.0,1.0,0.15417145536486676,LOW,170.0,121.0,0.0,NO ACTION,
2026-08-20,S003,P007,473.0,2.0,0.0,LOW,151.0,38.0,0.0,NO ACTION,
2026-08-11,S003,P008,461.0,1.0,0.0,LOW,98.0,74.0,0.0,NO ACTION,
2026-08-10,S003,P009,442.0,1.0,0.0,LOW,107.0,18.0,0.0,NO ACTION,
2026-08-20,S003,P010,421.0,2.0,0.0,LOW,155.0,168.0,0.0,NO ACTION,
2026-08-24,S003,P012,198.0,1.0,0.057419194293913234,LOW,125.0,140.0,0.0,NO ACTION,
2026-08-17,S003,P013,351.0,1.0,0.01932157394843962,LOW,192.0,105.0,0.0,NO ACTION,
2026-08-24,S003,P018,219.0,1.0,0.20373504361403988,LOW,188.0,63.0,0.0,NO ACTION,
2026-08-09,S003,P019,444.0,0.0,0.0,LOW,110.0,52.0,0.0,NO ACTION,
2026-08-17,S003,P026,504.0,1.0,0.0,LOW,71.0,141.0,0.0,NO ACTION,
2026-08-07,S003,P029,417.0,0.0,0.0,LOW,66.0,153.0,0.0,NO ACTION,
2026-08-05,S004,P001,168.0,0.0,0.15262407541123033,LOW,132.0,98.0,0.0,NO ACTION,
2026-08-08,S004,P002,196.0,0.0,0.07645510444619096,LOW,40.0,138.0,0.0,NO ACTION,
2026-08-14,S004,P004,430.0,1.0,0.0,LOW,106.0,122.0,0.0,NO ACTION,
2026-08-05,S004,P006,415.0,0.0,0.0,LOW,116.0,102.0,0.0,NO ACTION,
2026-08-02,S004,P011,566.0,0.0,0.0,LOW,156.0,169.0,0.0,NO ACTION,
2026-08-11,S004,P016,118.0,1.0,0.11017279390387773,LOW,53.0,59.0,0.0,NO ACTION,
2026-08-19,S004,P017,350.0,1.0,0.017536945812807885,LOW,118.0,147.0,0.0,NO ACTION,
2026-08-22,S004,P021,399.0,1.0,0.0,LOW,170.0,69.0,0.0,NO ACTION,
2026-08-23,S004,P022,386.0,2.0,0.0,LOW,93.0,149.0,0.0,NO ACTION,
2026-08-09,S004,P024,285.0,0.0,0.22404734776931814,LOW,176.0,55.0,0.0,NO ACTION,
2026-08-04,S004,P025,274.0,0.0,0.0,LOW,150.0,18.0,0.0,NO ACTION,
2026-08-16,S004,P028,294.0,2.0,0.03807794879609875,LOW,67.0,50.0,0.0,NO ACTION,
2026-08-09,S004,P029,196.0,0.0,0.0,LOW,102.0,21.0,0.0,NO ACTION,
2026-08-23,S005,P002,386.0,2.0,0.15168309517839226,LOW,169.0,47.0,0.0,NO ACTION,
2026-08-22,S005,P003,280.0,1.0,0.03977777777777778,LOW,185.0,114.0,0.0,NO ACTION,
2026-08-21,S005,P010,177.0,1.0,0.018687664041994748,LOW,86.0,93.0,0.0,NO ACTION,
2026-08-05,S005,P014,493.0,0.0,0.0,LOW,113.0,111.0,0.0,NO ACTION,
2026-08-24,S005,P016,542.0,1.0,0.0,LOW,99.0,177.0,0.0,NO ACTION,
2026-08-13,S005,P020,379.0,2.0,0.0,LOW,177.0,33.0,0.0,NO ACTION,
2026-08-16,S005,P021,480.0,2.0,0.0,LOW,95.0,142.0,0.0,NO ACTION,
2026-08-19,S005,P025,466.0,1.0,0.0,LOW,92.0,123.0,0.0,NO ACTION,
2026-08-07,S005,P027,308.0,0.0,0.09175790512753214,LOW,186.0,92.0,0.0,NO ACTION,
2026-08-17,S006,P004,241.0,1.0,0.018687664041994748,LOW,121.0,169.0,0.0,NO ACTION,
2026-08-06,S006,P008,542.0,0.0,0.0,LOW,44.0,106.0,0.0,NO ACTION,
2026-08-05,S006,P011,350.0,0.0,0.0,LOW,182.0,74.0,0.0,NO ACTION,
2026-08-10,S006,P016,220.0,1.0,0.018687664041994748,LOW,105.0,128.0,0.0,NO ACTION,
2026-08-15,S006,P022,480.0,1.0,0.0,LOW,142.0,180.0,0.0,NO ACTION,
2026-08-19,S006,P024,181.0,1.0,0.09685562301015532,LOW,153.0,64.0,0.0,NO ACTION,
2026-08-23,S006,P025,357.0,2.0,0.01893617021276596,LOW,50.0,179.0,0.0,NO ACTION,
2026-08-02,S006,P026,405.0,0.0,0.0,LOW,41.0,17.0,0.0,NO ACTION,
2026-08-04,S006,P028,430.0,0.0,0.0,LOW,32.0,136.0,0.0,NO ACTION,
2026-08-02,S006,P030,523.0,0.0,0.0,LOW,103.0,132.0,0.0,NO ACTION,
2026-08-18,S007,P009,515.0,1.0,0.01932157394843962,LOW,200.0,117.0,0.0,NO ACTION,
2026-08-09,S007,P015,552.0,0.0,0.0,LOW,80.0,155.0,0.0,NO ACTION,
2026-08-02,S007,P017,384.0,0.0,0.0,LOW,30.0,101.0,0.0,NO ACTION,
2026-08-16,S007,P019,253.0,2.0,0.0358191606406477,LOW,53.0,76.0,0.0,NO ACTION,
2026-08-25,S007,P024,441.0,1.0,0.0,LOW,131.0,70.0,0.0,NO ACTION,
2026-08-06,S007,P026,258.0,0.0,0.36044553149442715,LOW,178.0,97.0,0.0,NO ACTION,
2026-08-07,S007,P028,454.0,0.0,0.0,LOW,69.0,141.0,0.0,NO ACTION,
2026-08-09,S008,P003,453.0,0.0,0.0,LOW,55.0,41.0,0.0,NO ACTION,
2026-08-05,S008,P004,298.0,0.0,0.0,LOW,54.0,132.0,0.0,NO ACTION,
2026-08-20,S008,P009,452.0,2.0,0.0,LOW,58.0,55.0,0.0,NO ACTION,
2026-08-03,S008,P012,223.0,0.0,0.0,LOW,117.0,23.0,0.0,NO ACTION,
2026-08-20,S008,P015,439.0,2.0,0.0,LOW,174.0,108.0,0.0,NO ACTION,
2026-08-22,S008,P016,483.0,1.0,0.0,LOW,99.0,115.0,0.0,NO ACTION,
2026-08-03,S008,P018,385.0,0.0,0.0,LOW,72.0,67.0,0.0,NO ACTION,
2026-08-08,S008,P024,256.0,0.0,0.0,LOW,73.0,134.0,0.0,NO ACTION,
2026-08-25,S008,P029,541.0,1.0,0.0,LOW,50.0,114.0,0.0,NO ACTION,
2026-08-23,S009,P003,474.0,2.0,0.1324917205153195,LOW,153.0,142.0,0.0,NO ACTION,
2026-08-18,S009,P005,342.0,1.0,0.0,LOW,155.0,138.0,0.0,NO ACTION,
2026-08-15,S009,P007,242.0,1.0,0.01893617021276596,LOW,56.0,101.0,0.0,NO ACTION,
2026-08-10,S009,P014,170.0,1.0,0.0925693534772155,LOW,61.0,105.0,0.0,NO ACTION,
2026-08-14,S009,P017,536.0,1.0,0.0,LOW,177.0,178.0,0.0,NO ACTION,
2026-08-08,S009,P018,325.0,0.0,0.0,LOW,100.0,88.0,0.0,NO ACTION,
2026-08-04,S009,P020,340.0,0.0,0.0,LOW,38.0,63.0,0.0,NO ACTION,
2026-08-09,S009,P021,525.0,0.0,0.0,LOW,154.0,130.0,0.0,NO ACTION,
2026-08-24,S009,P024,286.0,1.0,0.0,LOW,110.0,58.0,0.0,NO ACTION,
2026-08-21,S009,P025,345.0,1.0,0.0,LOW,149.0,121.0,0.0,NO ACTION,
2026-08-21,S009,P027,356.0,1.0,0.0,LOW,107.0,34.0,0.0,NO ACTION,
2026-08-19,S009,P030,371.0,1.0,0.0,LOW,74.0,14.0,0.0,NO ACTION,
2026-08-18,S010,P001,399.0,1.0,0.0,LOW,91.0,158.0,0.0,NO ACTION,
2026-08-06,S010,P003,456.0,0.0,0.0,LOW,100.0,147.0,0.0,NO ACTION,
2026-08-24,S010,P004,461.0,1.0,0.0,LOW,75.0,123.0,0.0,NO ACTION,
2026-08-14,S010,P006,193.0,1.0,0.07567239708929341,LOW,143.0,22.0,0.0,NO ACTION,
2026-08-02,S010,P010,270.0,0.0,0.0,LOW,93.0,58.0,0.0,NO ACTION,
2026-08-21,S010,P018,212.0,1.0,0.07621030337461245,LOW,127.0,64.0,0.0,NO ACTION,
2026-08-23,S010,P022,318.0,2.0,0.0,LOW,32.0,62.0,0.0,NO ACTION,
2026-08-06,S010,P027,415.0,0.0,0.0,LOW,31.0,162.0,0.0,NO ACTION,
2026-08-07,S011,P004,309.0,0.0,0.05337515580138659,LOW,163.0,24.0,0.0,NO ACTION,
2026-08-03,S011,P015,380.0,0.0,0.0,LOW,151.0,45.0,0.0,NO ACTION,
2026-08-01,S011,P020,317.0,0.0,0.01753694581280788,LOW,47.0,3.0,0.0,NO ACTION,
2026-08-13,S011,P023,196.0,2.0,0.01893617021276596,LOW,99.0,25.0,0.0,NO ACTION,
2026-08-07,S011,P024,336.0,0.0,0.019722991689750693,LOW,191.0,107.0,0.0,NO ACTION,
2026-08-16,S012,P002,396.0,2.0,0.0,LOW,122.0,65.0,0.0,NO ACTION,
2026-08-24,S012,P007,397.0,1.0,0.0,LOW,122.0,15.0,0.0,NO ACTION,
2026-08-11,S012,P009,485.0,1.0,0.0,LOW,99.0,101.0,0.0,NO ACTION,
2026-08-18,S012,P012,229.0,1.0,0.01797979797979798,LOW,151.0,65.0,0.0,NO ACTION,
2026-08-04,S012,P015,219.0,0.0,0.11373093240555689,LOW,159.0,163.0,0.0,NO ACTION,
2026-08-16,S012,P017,448.0,2.0,0.0,LOW,50.0,103.0,0.0,NO ACTION,
2026-08-23,S012,P019,392.0,2.0,0.0,LOW,57.0,129.0,0.0,NO ACTION,
2026-08-13,S012,P022,517.0,2.0,0.0,LOW,103.0,133.0,0.0,NO ACTION,
2026-08-15,S012,P024,340.0,1.0,0.0,LOW,86.0,43.0,0.0,NO ACTION,
2026-08-18,S012,P025,488.0,1.0,0.0,LOW,43.0,157.0,0.0,NO ACTION,
2026-08-13,S012,P027,458.0,2.0,0.0,LOW,176.0,142.0,0.0,NO ACTION,
2026-08-16,S012,P030,360.0,2.0,0.0,LOW,180.0,103.0,0.0,NO ACTION,
2026-08-15,S013,P004,301.0,1.0,0.0776283143433672,LOW,168.0,178.0,0.0,NO ACTION,
2026-08-18,S013,P006,311.0,1.0,0.0,LOW,62.0,147.0,0.0,NO ACTION,
2026-08-21,S013,P014,166.0,1.0,0.038389722125334265,LOW,38.0,45.0,0.0,NO ACTION,
2026-08-04,S013,P017,304.0,0.0,0.0,LOW,77.0,42.0,0.0,NO ACTION,
2026-08-23,S013,P019,344.0,2.0,0.018445595854922284,LOW,147.0,117.0,0.0,NO ACTION,
2026-08-06,S013,P021,262.0,0.0,0.0,LOW,84.0,56.0,0.0,NO ACTION,
2026-08-11,S013,P023,425.0,1.0,0.0,LOW,88.0,30.0,0.0,NO ACTION,
2026-08-20,S013,P025,430.0,2.0,0.0,LOW,91.0,160.0,0.0,NO ACTION,
2026-08-11,S013,P030,475.0,1.0,0.0,LOW,34.0,47.0,0.0,NO ACTION,
2026-08-01,S014,P003,0.0,0.0,0.16671833240413533,LOW,0.0,0.0,0.0,NO ACTION,
2026-08-22,S014,P006,226.0,1.0,0.13411159095593217,LOW,160.0,153.0,0.0,NO ACTION,
2026-08-05,S014,P007,390.0,0.0,0.0,LOW,70.0,0.0,0.0,NO ACTION,
2026-08-23,S014,P008,247.0,2.0,0.01945355191256831,LOW,31.0,133.0,0.0,NO ACTION,
2026-08-12,S014,P011,399.0,1.0,0.0,LOW,189.0,46.0,0.0,NO ACTION,
2026-08-18,S014,P021,276.0,1.0,0.0,LOW,134.0,82.0,0.0,NO ACTION,
2026-08-02,S014,P022,518.0,0.0,0.0,LOW,65.0,101.0,0.0,NO ACTION,
2026-08-18,S014,P025,446.0,1.0,0.0,LOW,147.0,44.0,0.0,NO ACTION,
2026-08-16,S014,P029,409.0,2.0,0.0,LOW,122.0,9.0,0.0,NO ACTION,
2026-08-13,S015,P009,409.0,2.0,0.0,LOW,141.0,143.0,0.0,NO ACTION,
2026-08-16,S015,P015,478.0,2.0,0.0,LOW,136.0,142.0,0.0,NO ACTION,
2026-08-17,S015,P016,438.0,1.0,0.01932157394843962,LOW,198.0,16.0,0.0,NO ACTION,
2026-08-12,S015,P017,326.0,1.0,0.0,LOW,175.0,143.0,0.0,NO ACTION,
2026-08-21,S015,P026,419.0,1.0,0.0,LOW,32.0,112.0,0.0,NO ACTION,
2026-08-25,S015,P027,149.0,1.0,0.019105545617173526,LOW,126.0,5.0,0.0,NO ACTION,
2026-08-17,S016,P001,246.0,1.0,0.0,LOW,95.0,131.0,0.0,NO ACTION,
2026-08-04,S016,P003,217.0,0.0,0.01893617021276596,LOW,120.0,72.0,0.0,NO ACTION,
2026-08-06,S016,P005,93.0,0.0,0.16674593463463874,LOW,93.0,31.0,0.0,NO ACTION,
2026-08-08,S016,P010,403.0,0.0,0.0,LOW,33.0,2.0,0.0,NO ACTION,
2026-08-11,S016,P012,309.0,1.0,0.07789525614589776,LOW,190.0,113.0,0.0,NO ACTION,
2026-08-13,S016,P016,278.0,2.0,0.01893617021276596,LOW,101.0,130.0,0.0,NO ACTION,
2026-08-13,S016,P019,328.0,2.0,0.05639441874994323,LOW,145.0,71.0,0.0,NO ACTION,
2026-08-18,S016,P021,270.0,1.0,0.11316251305418513,LOW,183.0,136.0,0.0,NO ACTION,
2026-08-20,S016,P023,160.0,2.0,0.018445595854922277,LOW,60.0,27.0,0.0,NO ACTION,
2026-08-16,S016,P028,95.0,2.0,0.14862711115103938,LOW,42.0,38.0,0.0,NO ACTION,
2026-08-14,S016,P029,325.0,1.0,0.01893617021276596,LOW,78.0,174.0,0.0,NO ACTION,
2026-08-19,S016,P030,435.0,1.0,0.0,LOW,170.0,10.0,0.0,NO ACTION,
2026-08-11,S017,P007,121.0,1.0,0.01868766404199475,LOW,97.0,26.0,0.0,NO ACTION,
2026-08-02,S017,P008,111.0,0.0,0.11145781239705503,LOW,56.0,47.0,0.0,NO ACTION,
2026-08-03,S017,P009,224.0,0.0,0.0,LOW,100.0,5.0,0.0,NO ACTION,
2026-08-10,S017,P013,283.0,1.0,0.01893617021276596,LOW,162.0,161.0,0.0,NO ACTION,
2026-08-13,S017,P014,545.0,2.0,0.0,LOW,147.0,132.0,0.0,NO ACTION,
2026-08-09,S017,P015,240.0,0.0,0.11067199736745806,LOW,150.0,68.0,0.0,NO ACTION,
2026-08-11,S017,P017,234.0,1.0,0.01932157394843962,LOW,193.0,28.0,0.0,NO ACTION,
2026-08-03,S017,P021,272.0,0.0,0.0,LOW,65.0,39.0,0.0,NO ACTION,
2026-08-19,S017,P026,324.0,1.0,0.0,LOW,77.0,93.0,0.0,NO ACTION,
2026-08-25,S018,P002,399.0,1.0,0.0,LOW,69.0,165.0,0.0,NO ACTION,
2026-08-14,S018,P010,165.0,1.0,0.0,LOW,70.0,63.0,0.0,NO ACTION,
2026-08-03,S018,P015,531.0,0.0,0.0,LOW,94.0,149.0,0.0,NO ACTION,
2026-08-12,S018,P016,400.0,1.0,0.0,LOW,125.0,39.0,0.0,NO ACTION,
2026-08-12,S018,P021,518.0,1.0,0.01932157394843962,LOW,196.0,166.0,0.0,NO ACTION,
2026-08-17,S018,P023,525.0,1.0,0.0,LOW,151.0,176.0,0.0,NO ACTION,
2026-08-15,S018,P024,258.0,1.0,0.03856852315394243,LOW,50.0,94.0,0.0,NO ACTION,
2026-08-21,S018,P026,296.0,1.0,0.0,LOW,120.0,102.0,0.0,NO ACTION,
2026-08-22,S018,P028,353.0,1.0,0.0,LOW,62.0,27.0,0.0,NO ACTION,
2026-08-22,S019,P004,281.0,1.0,0.01893617021276596,LOW,129.0,121.0,0.0,NO ACTION,
2026-08-19,S019,P006,407.0,1.0,0.0,LOW,85.0,145.0,0.0,NO ACTION,
2026-08-13,S019,P007,389.0,2.0,0.0,LOW,116.0,129.0,0.0,NO ACTION,
2026-08-08,S019,P011,348.0,0.0,0.0,LOW,96.0,1.0,0.0,NO ACTION,
2026-08-13,S019,P014,289.0,2.0,0.28705502958208,LOW,159.0,133.0,0.0,NO ACTION,
2026-08-14,S019,P016,303.0,1.0,0.0,LOW,97.0,56.0,0.0,NO ACTION,
2026-08-19,S019,P019,329.0,1.0,0.0,LOW,137.0,53.0,0.0,NO ACTION,
2026-08-01,S019,P020,518.0,0.0,0.0,LOW,50.0,125.0,0.0,NO ACTION,
2026-08-16,S019,P021,484.0,2.0,0.0,LOW,90.0,51.0,0.0,NO ACTION,
2026-08-19,S019,P022,486.0,1.0,0.0,LOW,84.0,139.0,0.0,NO ACTION,
2026-08-25,S019,P024,167.0,1.0,0.0,LOW,76.0,17.0,0.0,NO ACTION,
2026-08-04,S019,P025,531.0,0.0,0.0,LOW,123.0,95.0,0.0,NO ACTION,
2026-08-06,S019,P028,432.0,0.0,0.0370465926629867,LOW,165.0,68.0,0.0,NO ACTION,
2026-08-14,S019,P029,95.0,1.0,0.0563246345599898,LOW,90.0,32.0,0.0,NO ACTION,
2026-08-24,S020,P003,233.0,1.0,0.0,LOW,79.0,124.0,0.0,NO ACTION,
2026-08-24,S020,P007,457.0,1.0,0.0,LOW,94.0,34.0,0.0,NO ACTION,
2026-08-06,S020,P011,319.0,0.0,0.0,LOW,120.0,105.0,0.0,NO ACTION,
2026-08-20,S020,P016,130.0,2.0,0.0,LOW,44.0,37.0,0.0,NO ACTION,
2026-08-17,S020,P017,372.0,1.0,0.0,LOW,88.0,17.0,0.0,NO ACTION,
2026-08-20,S020,P021,349.0,2.0,0.0,LOW,157.0,79.0,0.0,NO ACTION,
2026-08-11,S020,P022,482.0,1.0,0.0,LOW,166.0,59.0,0.0,NO ACTION,
2026-08-20,S020,P023,602.0,2.0,0.0,LOW,174.0,162.0,0.0,NO ACTION,
2026-08-20,S020,P029,252.0,2.0,0.05491871188049612,LOW,122.0,50.0,0.0,NO ACTION,
