product_id,mean_demand,std_demand,coefficient_of_variation
P019,6.142857142857143,4.140393356054125,0.6740175230785785
P018,5.0,3.286335345030997,0.6572670690061994
P027,6.625,3.9256482631170977,0.5925506812252223
P009,5.4,3.1340424729448424,0.5803782357305264
P003,6.333333333333333,3.6742346141747673,0.580142307501279
P020,6.4,3.646916505762094,0.5698307040253272
P010,5.375,2.9730936268953445,0.5531336980270408
P028,6.333333333333333,3.4728383291777436,0.5483428940806964
P026,5.222222222222222,2.6352313834736494,0.5046187755587839
P023,6.0,3.0,0.5
P017,7.363636363636363,3.640679257301507,0.4944132324730442
P001,5.111111111111111,2.472066162365221,0.48366511872363027
P029,6.428571428571429,3.0472470011002204,0.4740162001711454
P015,7.111111111111111,3.2574700476153438,0.45808172544590775
P024,6.9,3.142893217686178,0.4554917706791562
P022,6.777777777777778,3.032234233110042,0.4473788212785308
P006,6.285714285714286,2.690370836538197,0.42801354217653137
P014,4.6,1.816590212458495,0.3949109157518468
P025,6.7272727272727275,2.572582713574399,0.3824109439097079
P011,5.833333333333333,2.228601953392904,0.3820460491530693
P004,5.583333333333333,2.108783937953269,0.37769264560357063
P021,6.333333333333333,2.3484359721209165,0.37080567980856577
P005,6.75,2.5,0.37037037037037035
P016,6.916666666666667,2.3532698077098573,0.34023177942793115
P002,8.2,2.3874672772626644,0.291154546007642
P030,6.111111111111111,1.7638342073763937,0.28862741575250084
P007,5.142857142857143,1.4638501094227998,0.2846375212766555
P013,6.375,1.7677669529663689,0.277296776935901
P008,6.6,1.816590212458495,0.27524094128159016
P012,6.5,1.378404875209022,0.2120622884936957
